bond,project,original_budget_k,current_estimate_k,spent_k,as_of,doc_id,page,notes,fragment
2012 (26-144),Total authorization,482000,,482000,2020-09,tscc-measure-26-215-review,2,"$482M authorized Nov 2012 (66.2% yes); fully issued per issuance table p.2 (2013A 76,265 + 2013B 68,575 + 2015A 30,300 + 2015B 244,700 + 2017B 62,160); tscc-review-fy2026 p.11: all planned work complete, minor funds remain",tscc
2012 GO ($482M),Faubion PreK-8 Replacement,,6990.211,,2017-18 adopted (annual budget),budget-fy2017-18-book,141,amount is FY2017/18 annual project budget,fy2017-18
2012 GO ($482M),Franklin High School Full Modernization,,20760.733,,2017-18 adopted (annual budget),budget-fy2017-18-book,141,"CAUTION: current_estimate_k holds the FY2017/18 ANNUAL project budget from 'Fund 450 GO Bonds by Major Project' - the book prints no lifetime original budget, current estimate, or spent-to-date by project; bond attribution inferred from budget narrative (PDF pp137,142): 2012-authorization projects vs May 2017 $790M bond design-phase projects; native unit whole dollars",fy2017-18
2012 GO ($482M),Grant High School Full Modernization,,103048.477,,2017-18 adopted (annual budget),budget-fy2017-18-book,141,amount is FY2017/18 annual project budget,fy2017-18
2012 GO ($482M),Roosevelt High School Full Modernization,,14660.691,,2017-18 adopted (annual budget),budget-fy2017-18-book,141,amount is FY2017/18 annual project budget,fy2017-18
2012 GO ($482M),Summer Improvement Project 2016 (IP16),,613.541,,2017-18 adopted (annual budget),budget-fy2017-18-book,141,amount is FY2017/18 annual project budget,fy2017-18
2012 GO ($482M),Summer Improvement Project 2017 (IP17),,1041.812,,2017-18 adopted (annual budget),budget-fy2017-18-book,141,amount is FY2017/18 annual project budget,fy2017-18
2012 GO (2013 & 2015 issuances),Budgetary Contingency,,52628.301,,FY2016-17 adopted,budget-fy2016-17-book,146,"single-year FY2016/17 budget amount, not life-of-project estimate",fy2016-17
2012 GO (2013 & 2015 issuances),Faubion PreK-8 Replacement,,25302.38,,FY2016-17 adopted,budget-fy2016-17-book,146,"native unit whole dollars; amounts are the FY2016/17 budget-year appropriation by major project (Fund 450), NOT original/life-of-project budgets, which this book does not print",fy2016-17
2012 GO (2013 & 2015 issuances),Franklin High School Full Modernization,,77048.547,,FY2016-17 adopted,budget-fy2016-17-book,146,"single-year FY2016/17 budget amount, not life-of-project estimate",fy2016-17
2012 GO (2013 & 2015 issuances),Grant High School Full Modernization,,31403.523,,FY2016-17 adopted,budget-fy2016-17-book,146,"single-year FY2016/17 budget amount, not life-of-project estimate",fy2016-17
2012 GO (2013 & 2015 issuances),Master Planning - Benson HS,,298.916,,FY2016-17 adopted,budget-fy2016-17-book,146,"single-year FY2016/17 budget amount, not life-of-project estimate",fy2016-17
2012 GO (2013 & 2015 issuances),Master Planning - Lincoln HS,,234.763,,FY2016-17 adopted,budget-fy2016-17-book,146,"single-year FY2016/17 budget amount, not life-of-project estimate",fy2016-17
2012 GO (2013 & 2015 issuances),Master Planning - Madison HS,,270.02,,FY2016-17 adopted,budget-fy2016-17-book,146,"single-year FY2016/17 budget amount, not life-of-project estimate",fy2016-17
2012 GO (2013 & 2015 issuances),Roosevelt High School Full Modernization,,68108.682,,FY2016-17 adopted,budget-fy2016-17-book,146,"single-year FY2016/17 budget amount, not life-of-project estimate",fy2016-17
2012 GO (2013 & 2015 issuances),Subtotal Project Budget,,218018.913,,FY2016-17 adopted,budget-fy2016-17-book,146,"single-year FY2016/17 budget amount, not life-of-project estimate",fy2016-17
2012 GO (2013 & 2015 issuances),Summer Improvement Project 2016 (IP 16),,12462.83,,FY2016-17 adopted,budget-fy2016-17-book,146,"single-year FY2016/17 budget amount, not life-of-project estimate",fy2016-17
2012 GO (2013 & 2015 issuances),Summer Improvement Project 2017 (IP 17),,2889.252,,FY2016-17 adopted,budget-fy2016-17-book,146,"single-year FY2016/17 budget amount, not life-of-project estimate",fy2016-17
2012 GO (2013 & 2015 issuances),Total Requirements,,270647.214,,FY2016-17 adopted,budget-fy2016-17-book,146,"single-year FY2016/17 budget amount, not life-of-project estimate",fy2016-17
2012,2012 Bond Program (mgmt/reserves),93100,60500,13700,2016-03,bond-audit-bond-construction-program-audit-3-of-4,13,,bonds
2012,2012 Bond Program (mgmt/reserves),93100,63800,8500,2015-03,bond-audit-bond-construction-program-audit-2-of-4,13,,bonds
2012,2012 Bond Program (mgmt/reserves),93181.361,94527.463,3372.586,2014-03-01,bond-audit-bond-construction-program-audit-1-of-4,119,staffing+admin+reserves+contingencies+escalation,bonds
2012,2012 Bond Program (mgmt/reserves),93200,39100,,2017-03,bond-audit-bond-construction-program-audit-4-of-4,37,current budget 49900; admin+mgmt cost growth 30700->38400 +25% over 4 yrs (p35),bonds
2012,2012 Bond Program (program admin),93181.361,33260.855,30868.453,2021-03-11,budget-fy2021-22-vol1,262,"Budget FY22 137,571; master planning and ed-spec lines omitted (each under 400k)",fy2021-22
2012,2012 Bond Program (program costs),93181,42183,24546,2019-01-01,budget-fy2019-20-book,159,"FY20 budget 6,496,745",fy2019-20
2012,2012 Bond Program (program-level),93181,38967,26195,2020-01-17,budget-fy2020-21-vol1,221,,fy2020-21
2012,2012 Bond Program Cost,84500,42000,,2019-06-19,bond-audit-bond-performance-audit-year-1-phase-2,14,orig incl 45000 contingency later tracked inside projects; 42000 = program-wide expenses only,bonds
2012,2012 BOND PROGRAM TOTAL,482000,,,2012-11,tscc-measure-26-259-review,7,Nov 2012; 66% yes (bond history recap),bonds
2012,2012 BOND PROGRAM TOTAL,482000,499107.896,63293.996,2014-03-01,bond-audit-bond-construction-program-audit-1-of-4,119,FINDING: Nov 2013 BOE resolution raised HS capacity 1500->1700 and HS modernization budget 247000->257000 funded from 20000 BOE program contingency (p31),bonds
2012,2012 BOND PROGRAM TOTAL,482000,522900,95600,2015-03,bond-audit-bond-construction-program-audit-2-of-4,13,budget grew ~10% in two years (p14); 13800 bond premium reserves allocated to escalation needs (p9),bonds
2012,2012 BOND PROGRAM TOTAL,482000,547000,,2017-03,bond-audit-bond-construction-program-audit-4-of-4,34,FINDING: program AT RISK of completing over budget; OSM est final costs 547000 EXCLUDING significant additional GHS need (p33-34); resources grew 499100 (2014)->500600 (2015)->550500 (2016)->557300 (2017) via premiums 47100 + Concordia 15500 + grants (Fig 8 p33),bonds
2012,2012 BOND PROGRAM TOTAL,482000,550500,151800,2016-03,bond-audit-bond-construction-program-audit-3-of-4,13,FINDING: FHS to complete substantially over budget (p8); 28% of budget invoiced,bonds
2012,2012 BOND PROGRAM TOTAL,482000,594400,,2019-06-19,bond-audit-bond-performance-audit-year-1-phase-2,14,difference 112400 covered by 115800 non-bond funding: premium 56900 + interest 4100 + Concordia 15500 + other 39300; delivered as promised but with unresolved change-order/contractor-invoice issues (p13-14),bonds
2012,2012 Bond TOTAL,482000,601620,577680,2020-01-17,budget-fy2020-21-vol1,221,"current-budget total 611,620K including 10,000K Additional Funding Resource (If/When Needed) line",fy2020-21
2012,2012 Bond TOTAL,482000.0,601819.444,591707.652,2021-03-11,budget-fy2021-22-vol1,262,"current incl. Additional Funding Resource If/When Needed brings current to 611,819,444",fy2021-22
2012,Benson - Master Planning,192,399,399,2019-01-01,budget-fy2019-20-book,159,,fy2019-20
2012,Capital Schools Subtotal,278000,422100,,2019-06-19,bond-audit-bond-performance-audit-year-1-phase-2,14,,bonds
2012,Cleveland - Master Planning,192,0,0,2019-01-01,budget-fy2019-20-book,159,"FY20 budget 60,000",fy2019-20
2012,Debt Repayment,45000,45000,,2017-03,bond-audit-bond-construction-program-audit-4-of-4,37,,bonds
2012,Debt Repayment,45000,45000,,2019-06-19,bond-audit-bond-performance-audit-year-1-phase-2,14,,bonds
2012,Debt Repayment,45000,45000,45000,2014-03-01,bond-audit-bond-construction-program-audit-1-of-4,119,,bonds
2012,Debt Repayment,45000,45000,45000,2015-03,bond-audit-bond-construction-program-audit-2-of-4,13,,bonds
2012,Debt Repayment,45000,45000,45000,2016-03,bond-audit-bond-construction-program-audit-3-of-4,13,,bonds
2012,Debt Repayment,45000,45000,45000,2019-01-01,budget-fy2019-20-book,159,,fy2019-20
2012,Debt Repayment,45000,45000,45000,2020-01-17,budget-fy2020-21-vol1,221,,fy2020-21
2012,Debt Repayment,45000.0,45000.0,45000.0,2021-03-11,budget-fy2021-22-vol1,262,,fy2021-22
2012,Educational Facility + Seismic/Roof Improvements,74500,85300,,2019-06-19,bond-audit-bond-performance-audit-year-1-phase-2,14,orig = 5000 science classrooms + 69500 seismic/roofs/accessibility,bonds
2012,Educational Specification,0,275,275,2019-01-01,budget-fy2019-20-book,159,,fy2019-20
2012,Educational Specifications,0,275,,2017-03,bond-audit-bond-construction-program-audit-4-of-4,37,,bonds
2012,Educational Specifications,0,300,223.85,2014-03-01,bond-audit-bond-construction-program-audit-1-of-4,119,non-bond funded,bonds
2012,Educational Specifications,0,300,271,2015-03,bond-audit-bond-construction-program-audit-2-of-4,13,,bonds
2012,Educational Specifications,0,300,275,2016-03,bond-audit-bond-construction-program-audit-3-of-4,13,,bonds
2012,Faubion PK-8,27000,44700,1100,2015-03,bond-audit-bond-construction-program-audit-2-of-4,13,increase incl Concordia partnership scope,bonds
2012,Faubion PK-8,27000,48900,4100,2016-03,bond-audit-bond-construction-program-audit-3-of-4,13,,bonds
2012,Faubion PK-8,27000,49200,,2017-03,bond-audit-bond-construction-program-audit-4-of-4,37,+82%; original excl 15500 Concordia contribution; budget basis with Concordia = 42500->49200 = +21% (p35),bonds
2012,Faubion PK-8,27035.537,26645.88,818.758,2014-03-01,bond-audit-bond-construction-program-audit-1-of-4,119,EAC 24956.370,bonds
2012,Faubion PK-8,28000,49900,,2019-06-19,bond-audit-bond-performance-audit-year-1-phase-2,14,ORIGINAL BASIS = 2012 Bond Fact Sheet (bond-paid share excl 15500 Concordia); differs from Hirsh-audit basis 27035.537,bonds
2012,Faubion Replacement,27035.537,50119.665,50028.171,2021-03-11,budget-fy2021-22-vol1,262,,fy2021-22
2012,Faubion Replacement,27036,50036,49703,2019-01-01,budget-fy2019-20-book,159,"FY20 budget 100,000",fy2019-20
2012,Faubion Replacement,27036,50036,49802,2020-01-17,budget-fy2020-21-vol1,221,,fy2020-21
2012,Franklin HS Modernization,81585.655,113022.229,112872.628,2021-03-11,budget-fy2021-22-vol1,262,"native unit whole dollars, divided by 1000; spent_k = Actuals Approved column; current_estimate_k = Current Budget (3/11/2021) column",fy2021-22
2012,Franklin HS Modernization,81586,113485,112280,2019-01-01,budget-fy2019-20-book,159,"native unit whole dollars, converted to $1k (rounded); Current Project Budget as of 1/1/2019; Actuals Approved through 1/1/19; FY20 budget column 300,000",fy2019-20
2012,Franklin HS Modernization,81586,113946,112575,2020-01-17,budget-fy2020-21-vol1,221,"source prints whole dollars, converted to thousands; current_estimate_k = Current Budget (1/17/2020); spent_k = Actuals Approved",fy2020-21
2012,Franklin HS,81585.655,91163.158,629.29,2014-03-01,bond-audit-bond-construction-program-audit-1-of-4,119,Appendix B exact $; EAC 82046.842 (forecast 10% under); Fig 3 p17 rounds current to 91.0M,bonds
2012,Franklin HS,81600,104500,3100,2015-03,bond-audit-bond-construction-program-audit-2-of-4,13,FINDING p8-9: HS design/scope changes +41000 (18%) over original HS budgets excl Grant; 45000 escalation reserve fully allocated before all projects funded; FHS+RHS behind baseline schedule,bonds
2012,Franklin HS,81600,106600,21300,2016-03,bond-audit-bond-construction-program-audit-3-of-4,13,FINDING: Apr 2016 PSU EAC 108900 (~2300 over budget); Project Director est final up to 112000 (p22); reporting swung from 4600 under (Jan BAC) to 2300 over (p23); initial CM/GC GMP estimate 109750 vs 81750 GMP budget +28000/+35% (p24),bonds
2012,Franklin HS,81600,112800,,2017-03,bond-audit-bond-construction-program-audit-4-of-4,37,current budget 112800 = est final; +38% incl 14.2% escalation; GMP 81750 (May 2015) raised ~16000; BOE added 6000 contingency incl ~2000 VE add-backs (p34),bonds
2012,Franklin HS,85000,112800,,2019-06-19,bond-audit-bond-performance-audit-year-1-phase-2,14,fact-sheet basis differs from Hirsh 81585.655,bonds
2012,Grant HS Modernization,88336.829,159460.317,158837.342,2021-03-11,budget-fy2021-22-vol1,262,"Budget FY22 2,921,689",fy2021-22
2012,Grant HS Modernization,88337,151938,92260,2019-01-01,budget-fy2019-20-book,159,"FY20 budget 21,152,032",fy2019-20
2012,Grant HS Modernization,88337,159220,153255,2020-01-17,budget-fy2020-21-vol1,221,,fy2020-21
2012,Grant HS,88300,111900,700,2016-03,bond-audit-bond-construction-program-audit-3-of-4,13,FINDING: unresolved budget concerns; contingency insufficient (p8-9),bonds
2012,Grant HS,88300,140000,,2017-03,bond-audit-bond-construction-program-audit-4-of-4,37,FINDING: est final >=140000 vs established budget 116900 (Fig 9; text p35 says 116800) = >=23000 unfunded; CM/GC GMP est ~33000 over at 100% DD; only ~10000 program reserves remain (p35-36),bonds
2012,Grant HS,88300,93500,10,2015-03,bond-audit-bond-construction-program-audit-2-of-4,13,,bonds
2012,Grant HS,88336.829,79107.776,0,2014-03-01,bond-audit-bond-construction-program-audit-1-of-4,119,approved budget changes -9229.053 (early re-baseline); EAC 67241.610,bonds
2012,Grant HS,95000,158700,,2019-06-19,bond-audit-bond-performance-audit-year-1-phase-2,14,fact-sheet basis differs from Hirsh 88336.829; largest 2012 overrun,bonds
2012,HS Master Plans (3),1200,1000,0,2015-03,bond-audit-bond-construction-program-audit-2-of-4,13,original planning budget was 1500,bonds
2012,HS Master Plans (3),1200,1200,,2017-03,bond-audit-bond-construction-program-audit-4-of-4,37,,bonds
2012,HS Master Plans (3),1200,1300,100,2016-03,bond-audit-bond-construction-program-audit-3-of-4,13,,bonds
2012,Improvement Project 2013,9467.471,13062.837,11930.613,2014-03-01,bond-audit-bond-construction-program-audit-1-of-4,119,substantially complete; forecast 8.7% under revised budget; budget +3595.366 for seismic grant + Ockley Green science labs + COO contingency (p29),bonds
2012,Improvement Project 2014,13620.121,15737.734,891.854,2014-03-01,bond-audit-bond-construction-program-audit-1-of-4,119,,bonds
2012,Improvement Project 2015,13521.066,13328.042,0,2014-03-01,bond-audit-bond-construction-program-audit-1-of-4,119,,bonds
2012,Improvement Project 2016,15274.437,7181.967,0,2014-03-01,bond-audit-bond-construction-program-audit-1-of-4,119,,bonds
2012,Improvement Project 2017,6796.707,13227.332,0,2014-03-01,bond-audit-bond-construction-program-audit-1-of-4,119,,bonds
2012,Improvement Project 2018,9062.119,7682.952,0,2014-03-01,bond-audit-bond-construction-program-audit-1-of-4,119,,bonds
2012,Improvement Projects (9; 2013-19),67700,68900,28700,2015-03,bond-audit-bond-construction-program-audit-2-of-4,13,FINDING: 2018+2019 summer project budgets reduced to fund IP2014 bids substantially over budget; IP2014 budget 13600->18100 (p9 p25); ADA/science-lab budget moved out of IP2018 (p26),bonds
2012,Improvement Projects (9; 2013-19),67700,72500,53500,2016-03,bond-audit-bond-construction-program-audit-3-of-4,13,,bonds
2012,Improvement Projects (9; 2013-19),67800,64700,,2017-03,bond-audit-bond-construction-program-audit-4-of-4,37,current budget 73400; est final -3100 vs orig via scope cuts in IP2016-18; unobligated IP escalation redirected to HS budgets in 2014 (p35),bonds
2012,Improvement Projects,67741.921,85863.137,85180.218,2021-03-11,budget-fy2021-22-vol1,262,,fy2021-22
2012,Improvement Projects,67742,105103,82084,2019-01-01,budget-fy2019-20-book,159,,fy2019-20
2012,Improvement Projects,67742,85789,84769,2020-01-17,budget-fy2020-21-vol1,221,,fy2020-21
2012,Jefferson - Master Planning,192,0,0,2019-01-01,budget-fy2019-20-book,159,"FY20 budget 60,000",fy2019-20
2012,Lincoln - Master Planning,192,357,357,2019-01-01,budget-fy2019-20-book,159,,fy2019-20
2012,Madison - Master Planning,192,400,324,2019-01-01,budget-fy2019-20-book,159,,fy2019-20
2012,Marshall Swing Site,0,2500,14.167,2014-03-01,bond-audit-bond-construction-program-audit-1-of-4,119,FINDING: only active project forecast OVER budget; EAC 3567.550 = 42.7% over; OSM to balance from reserves/2nd swing site budget (p29-30),bonds
2012,Marshall Swing Site,0,4000,2200,2015-03,bond-audit-bond-construction-program-audit-2-of-4,13,,bonds
2012,Master Planning - Benson HS,191.667,161.667,0,2014-03-01,bond-audit-bond-construction-program-audit-1-of-4,119,,bonds
2012,Master Planning - Cleveland HS,191.667,161.667,0,2014-03-01,bond-audit-bond-construction-program-audit-1-of-4,119,,bonds
2012,Master Planning - Jefferson HS,191.667,161.667,0,2014-03-01,bond-audit-bond-construction-program-audit-1-of-4,119,,bonds
2012,Master Planning - Lincoln HS,191.667,161.667,0,2014-03-01,bond-audit-bond-construction-program-audit-1-of-4,119,,bonds
2012,Master Planning - Madison HS,191.667,161.667,0,2014-03-01,bond-audit-bond-construction-program-audit-1-of-4,119,,bonds
2012,Master Planning - Wilson HS,191.667,161.667,0,2014-03-01,bond-audit-bond-construction-program-audit-1-of-4,119,,bonds
2012,Roosevelt HS Modernization,68418.695,108503.379,102330.987,2021-03-11,budget-fy2021-22-vol1,262,"Budget FY22 1,835,921",fy2021-22
2012,Roosevelt HS Modernization,68419,102073,97211,2019-01-01,budget-fy2019-20-book,159,"FY20 budget 300,000",fy2019-20
2012,Roosevelt HS Modernization,68419,102073,99493,2020-01-17,budget-fy2020-21-vol1,221,,fy2020-21
2012,Roosevelt HS,68400,102000,,2017-03,bond-audit-bond-construction-program-audit-4-of-4,37,current budget 102800; +49% incl escalation; GMP 69300 (Apr 2015) + >14000; 4000 of increase from 20-yr federal loan repaid by general fund (p34),bonds
2012,Roosevelt HS,68400,92200,2700,2015-03,bond-audit-bond-construction-program-audit-2-of-4,13,FINDING p8-9: HS design/scope changes +41000 (18%) over original HS budgets excl Grant; 45000 escalation reserve fully allocated before all projects funded; FHS+RHS behind baseline schedule,bonds
2012,Roosevelt HS,68400,96600,15200,2016-03,bond-audit-bond-construction-program-audit-3-of-4,13,OSM projects completion within adjusted budget (p8),bonds
2012,Roosevelt HS,68418.695,82242.754,412.879,2014-03-01,bond-audit-bond-construction-program-audit-1-of-4,119,EAC 74026.637,bonds
2012,Roosevelt HS,70000,100700,,2019-06-19,bond-audit-bond-performance-audit-year-1-phase-2,14,fact-sheet basis differs from Hirsh 68418.695,bonds
2012,Swing Sites & Transportation,9550,5235,5235,2019-01-01,budget-fy2019-20-book,159,,fy2019-20
2012,Swing Sites & Transportation,9550,5235,5235,2020-01-17,budget-fy2020-21-vol1,221,,fy2020-21
2012,Swing Sites & Transportation,9550,6430,0,2014-03-01,bond-audit-bond-construction-program-audit-1-of-4,119,,bonds
2012,Swing Sites & Transportation,9550.0,5234.879,5234.879,2021-03-11,budget-fy2021-22-vol1,262,,fy2021-22
2012,Swing Sites & Transportation,9600,4900,0,2015-03,bond-audit-bond-construction-program-audit-2-of-4,13,,bonds
2012,Swing Sites & Transportation,9600,6900,4900,2016-03,bond-audit-bond-construction-program-audit-3-of-4,13,,bonds
2012,Swing Sites,5800,5200,,2017-03,bond-audit-bond-construction-program-audit-4-of-4,37,current budget 5800,bonds
2012,TOTAL 2012 Bond,482000,616483,509673,2019-01-01,budget-fy2019-20-book,159,"current budget rises to 626,482,678 with 10,000,000 'Additional Funding Resource (If/When Needed)'",fy2019-20
2012,Wilson - Master Planning,192,0,0,2019-01-01,budget-fy2019-20-book,159,"FY20 budget 60,000",fy2019-20
2012/2017 GO,Budgetary Contingency,,412397.494,,2017-18 adopted (annual budget),budget-fy2017-18-book,141,amount is FY2017/18 annual project budget,fy2017-18
2012/2017 GO,Subtotal Project Budget,,183881.161,,2017-18 adopted (annual budget),budget-fy2017-18-book,141,amount is FY2017/18 annual project budget,fy2017-18
2012/2017 GO,Swing Sites & Transportation,,500.001,,2017-18 adopted (annual budget),budget-fy2017-18-book,141,amount is FY2017/18 annual project budget,fy2017-18
2012/2017 GO,Total Requirements (Fund 450),,596278.655,,2017-18 adopted (annual budget),budget-fy2017-18-book,141,amount is FY2017/18 annual project budget,fy2017-18
2012+2017,Combined Capital Improvement Bond Program TOTAL,1272000,1436123,731098,2020-01-17,budget-fy2020-21-vol1,221,,fy2020-21
2017 (26-193),Total authorization,790000,,790000,2020-09,tscc-measure-26-215-review,2,"$790M authorized May 2017 (66.0% yes); fully issued (2017A 168,950 + 2017B 179,730 + 2020 441,320); spent_k = par amount fully issued, not project spend",tscc
2017 GO ($790M),Benson Poly Tech Full Modernization,,10991.082,,2017-18 adopted (annual budget),budget-fy2017-18-book,141,amount is FY2017/18 annual project budget,fy2017-18
2017 GO ($790M),Environmental Health Improvement Projects,,4965.873,,2017-18 adopted (annual budget),budget-fy2017-18-book,141,amount is FY2017/18 annual project budget,fy2017-18
2017 GO ($790M),Kellogg Replacement,,2377.567,,2017-18 adopted (annual budget),budget-fy2017-18-book,141,amount is FY2017/18 annual project budget,fy2017-18
2017 GO ($790M),Lincoln High School Full Modernization,,10058.067,,2017-18 adopted (annual budget),budget-fy2017-18-book,141,amount is FY2017/18 annual project budget,fy2017-18
2017 GO ($790M),Madison High School Full Modernization,,7873.107,,2017-18 adopted (annual budget),budget-fy2017-18-book,141,amount is FY2017/18 annual project budget,fy2017-18
2017,2017 Bond Program (program admin),210000.0,180783.633,29387.562,2021-03-11,budget-fy2021-22-vol1,262,"Budget FY22 9,611,857; subtotal with pre-design/pre-bond lines: current 182,984,400, actuals 31,475,556",fy2021-22
2017,2017 Bond Program (program costs),210000,130863,5902,2019-01-01,budget-fy2019-20-book,159,"FY20 budget 11,924,105",fy2019-20
2017,2017 Bond Program (program-level),210000,130401,15128,2020-01-17,budget-fy2020-21-vol1,221,,fy2020-21
2017,2017 BOND PROGRAM TOTAL,790000,,,2017-01,bond-audit-bond-performance-audit-year-1-phase-1,3,FINDING: no independent estimate to support 790000 total; independent support existed for 403.5M of 580M school hard costs and 45M of 150M H&S (p3),bonds
2017,2017 BOND PROGRAM TOTAL,790000,,,2017-05,tscc-measure-26-259-review,7,May 2017; 66% yes (bond history recap),bonds
2017,2017 BOND PROGRAM TOTAL,790000,1063000,,2022-03-31,bond-audit-bond-performance-audit-year-4,12,EXCLUDES Benson MPG (moved to 2020 bond); down from 1098000 at Mar 2021; H&S nearing completion delivering more than 150000 envisioned (p12),bonds
2017,2017 BOND PROGRAM TOTAL,790000,1070000,,2019-06-19,bond-audit-bond-performance-audit-year-1-phase-2,16,FINDING: ~280000 more than voter-approved bond; unlike 2012 few offsetting premiums (348700 of 790000 issued; premiums only 1100),bonds
2017,2017 BOND PROGRAM TOTAL,790000,1080900,,2020-01-14,bond-audit-bond-performance-audit-year-2,12,+8900 (0.8%) vs Jun 2019,bonds
2017,2017 BOND PROGRAM TOTAL,790000,1098000,,2021-03,bond-audit-bond-performance-audit-year-3,4,premiums+state grants provided >79000 additional funding; Kellogg + McDaniel opened on schedule expected on budget; Lincoln on budget (p4 p12); ANOMALY: Exhibit 2 per-project table is an image lost to text extraction,bonds
2017,2017 BOND PROGRAM TOTAL,790000,898337.994,849816.394,2025-02-13,bond-audit-bond-performance-audit-year-6,13,revised budget 941430.379 (bond premium + grants); Benson 2020-funded share excluded here and carried in 2020 bond table,bonds
2017,2017 Bond Program: Pre-Design - Pre-Bond,0,81,81,2019-01-01,budget-fy2019-20-book,159,,fy2019-20
2017,2017 Bond TOTAL,790000,824503,153418,2020-01-17,budget-fy2020-21-vol1,221,includes Environmental Health & Safety categories (no original budgets printed) and pre-bond pre-design lines,fy2020-21
2017,Administration,40000,63050.454,57367.101,2025-02-13,bond-audit-bond-performance-audit-year-6,13,revised budget 64112.941,bonds
2017,Athletics,0,2156.459,1882.549,2025-02-13,bond-audit-bond-performance-audit-year-6,13,revised budget 2147.865,bonds
2017,Benson HS Modernization,202000,67884,1069,2019-01-01,budget-fy2019-20-book,159,"FY20 budget 11,125,000",fy2019-20
2017,Benson HS Modernization,202000,78703,5762,2020-01-17,budget-fy2020-21-vol1,221,current budget reflects only funded phases; future bond planned to complete Benson (p.219),fy2020-21
2017,Benson HS Modernization,202000.0,67322.571,23233.541,2021-03-11,budget-fy2021-22-vol1,262,"Budget FY22 102,798,671; balance of Benson completion funded under 2020 bond",fy2021-22
2017,Benson Main Campus,202000,321000,,2022-03-31,bond-audit-bond-performance-audit-year-4,32,FINDING: revised baseline 282000 (+40%); EAC +14% vs revised; drivers: pandemic escalation +21200 (Main+MPG) + scope changes +17000 + schematic-design budgeting error +14000 (designed to 224000 not 212000) (p14),bonds
2017,Benson Polytechnic HS (2017-funded: Main + swing),202000,175785.098,166127.158,2025-02-13,bond-audit-bond-performance-audit-year-6,13,"revised budget 172889.406; FINDING: EAC exceeds revised budget; unfinished work, missed milestones, delay costs and pending claims may push cost higher (p14); remainder of Benson funded by 2020 bond",bonds
2017,Benson Polytechnic HS (full project incl MPG + swing),,410200,,2022-03-31,bond-audit-bond-performance-audit-year-4,13,+52200 vs 358000 at Mar 2021; includes MPG 76000 paid by 2020 bond; Marshall + Kenton swing sites,bonds
2017,Benson Polytechnic HS (full project: Main + swing + MPG),,421204.511,404095.674,2025-02-13,bond-audit-bond-performance-audit-year-6,14,budget 418308.818 = Main 325587.899 + swing 12205.396 + MPG 80515.523; funded by 2017 AND 2020 bonds; $418M project = 368k sf main + 17k sf MPG + 2 swing sites; FINDING: pending claims heighten risk of further cost growth (p14),bonds
2017,Benson Polytechnic HS (incl MPG + swing),202000,357700,,2021-03,bond-audit-bond-performance-audit-year-3,12,unchanged since Mar 2020; in design; 2020 bond earmarked 64000 for MPG + 152000 for remaining 2017 projects,bonds
2017,Benson Polytechnic HS (incl MPG + swing),202000,357700,7300,2020-01-14,bond-audit-bond-performance-audit-year-2,12,+27700 vs Jun 2019 from MPG addition + swing sites; FINDING: 2017 bond funds for Benson exhausted by Dec 2021; ~290000 funding gap pending Nov 2020 bond (p12-13),bonds
2017,Benson Polytechnic HS,202000,,,2017-01,bond-audit-bond-performance-audit-year-1-phase-1,12,Jan 19 2017 internal OSM model 231000 (hard 128 soft 102; p15); professional hard-cost est 128200 (p13); FINDING: exec leadership cut 4-school total ~100000 without documented rationale (p13-14),bonds
2017,Benson Polytechnic HS,202000,,,2023-05,bond-audit-bond-performance-audit-year-5,12,on schedule for fall 2024; Main 68% and MPG 30% constructed (p13 fn9); 2020 bond provided 164900 to complete Benson main (Exhibit 3 note p12),bonds
2017,Benson Polytechnic HS,202000,330000,,2019-06-19,bond-audit-bond-performance-audit-year-1-phase-2,16,+63.4%; master planning; FINDING: low initial budget + escalation + Board-added MPG building; 2020 bond campaign planned else full-faith-and-credit loan (p16-17),bonds
2017,Capital Schools Subtotal,580000,,,2017-01,bond-audit-bond-performance-audit-year-1-phase-1,12,FINDING: Jan 19 2017 model total 678000 reduced ~100000 (33000 hard + 65000 soft) to 580000 presented to Board Jan 24 2017; no methodology/rationale documented (p13-14); independent estimates supported only 403500 of 580000 hard cost (p13),bonds
2017,Capital Schools Subtotal,580000,839400,,2019-06-19,bond-audit-bond-performance-audit-year-1-phase-2,16,+44.7%,bonds
2017,Capital Schools Subtotal,580000,862500,,2020-01-14,bond-audit-bond-performance-audit-year-2,12,,bonds
2017,Cleveland HS Modernization Pre-Design (Pre-Bond),0,100,0,2019-01-01,budget-fy2019-20-book,159,,fy2019-20
2017,Contingency,0,0,0,2019-01-01,budget-fy2019-20-book,159,"FY20 budget 42,933,432 (matches Capital Projects fund contingency)",fy2019-20
2017,Contingency,20000,0,0,2025-02-13,bond-audit-bond-performance-audit-year-6,13,revised 23766.312 unspent/reallocated,bonds
2017,Environmental Health & Safety - ADA,,,0,2019-01-01,budget-fy2019-20-book,159,"no original/current budget printed; FY20 budget 2,470,530",fy2019-20
2017,Environmental Health & Safety - ADA,,12.855,12.855,2021-03-11,budget-fy2021-22-vol1,262,,fy2021-22
2017,Environmental Health & Safety - Asbestos,,3899,1461,2019-01-01,budget-fy2019-20-book,159,"no original budget printed; FY20 budget 5,099,434",fy2019-20
2017,Environmental Health & Safety - Asbestos,,5030.43,4330.927,2021-03-11,budget-fy2021-22-vol1,262,EH&S lines carry no original budget,fy2021-22
2017,Environmental Health & Safety - Fire Alarm / Sprinklers,,12994.293,12143.409,2021-03-11,budget-fy2021-22-vol1,262,,fy2021-22
2017,Environmental Health & Safety - Fire Alarm & Sprinklers,,9040,880,2019-01-01,budget-fy2019-20-book,159,"FY20 budget 14,132,783",fy2019-20
2017,Environmental Health & Safety - Lead Based Paint,,11901,1863,2019-01-01,budget-fy2019-20-book,159,"FY20 budget 6,295,140",fy2019-20
2017,Environmental Health & Safety - Lead Based Paint,,11963.004,2855.913,2021-03-11,budget-fy2021-22-vol1,262,,fy2021-22
2017,Environmental Health & Safety - Radon,,194.2,181.767,2021-03-11,budget-fy2021-22-vol1,262,,fy2021-22
2017,Environmental Health & Safety - Radon,,290,173,2019-01-01,budget-fy2019-20-book,159,"FY20 budget 120,000",fy2019-20
2017,Environmental Health & Safety - Roofs,,3939,183,2019-01-01,budget-fy2019-20-book,159,"FY20 budget 12,429,697",fy2019-20
2017,Environmental Health & Safety - Roofs,,79548.887,73399.104,2021-03-11,budget-fy2021-22-vol1,262,"Budget FY22 18,281,267",fy2021-22
2017,Environmental Health & Safety - Security,,4297,44,2019-01-01,budget-fy2019-20-book,159,"FY20 budget 10,987,000",fy2019-20
2017,Environmental Health & Safety - Security,,9005.952,7022.054,2021-03-11,budget-fy2021-22-vol1,262,,fy2021-22
2017,Environmental Health & Safety - Water Quality,,9107,2361,2019-01-01,budget-fy2019-20-book,159,"FY20 budget 10,000,951",fy2019-20
2017,H&S: ADA,10000,9200,7716.256,2020-01-14,bond-audit-bond-performance-audit-year-2,16,H&S budgets net of 8% mgmt set-aside; 6 schools done 5 upcoming,bonds
2017,H&S: Asbestos,12000,10590.806,3468.743,2020-01-14,bond-audit-bond-performance-audit-year-2,16,15 done 10 upcoming,bonds
2017,H&S: Fire,25849.99,23781.991,8540.44,2020-01-14,bond-audit-bond-performance-audit-year-2,16,11 done 20 upcoming,bonds
2017,H&S: Lead Paint,16623.936,14624.624,873.117,2020-01-14,bond-audit-bond-performance-audit-year-2,16,58 done 72 upcoming,bonds
2017,H&S: Management Cost,0,12000,5150.222,2020-01-14,bond-audit-bond-performance-audit-year-2,16,8% set-aside from each H&S category (Sep 2017 e-Builder),bonds
2017,H&S: Radon,1126.125,1036.035,149.812,2020-01-14,bond-audit-bond-performance-audit-year-2,16,16 done; retest 5-10 yrs,bonds
2017,H&S: Roof/Seismic,50907.949,49784.507,31114.067,2020-01-14,bond-audit-bond-performance-audit-year-2,16,budget incl 2500 SRGP grant; 7 of 14 schools done,bonds
2017,H&S: Security,5000,12600,1138.924,2020-01-14,bond-audit-bond-performance-audit-year-2,16,budget incl 8000 OSCIM grant; expanded beyond 11 planned sites,bonds
2017,H&S: Water,28492,26882.032,2235.803,2020-01-14,bond-audit-bond-performance-audit-year-2,16,6 pilots done; 15/month planned,bonds
2017,Hayhurst SRGP,0,2500,0,2019-01-01,budget-fy2019-20-book,159,,fy2019-20
2017,Health & Safety Program,150000,,,2017-01,bond-audit-bond-performance-audit-year-1-phase-1,12,estimates seem based on professional estimates but reports unavailable for all categories (p12); districtwide H&S need assessed at 1.6B (Y2 p15),bonds
2017,Health & Safety Program,150000,158000,32800,2019-06-19,bond-audit-bond-performance-audit-year-1-phase-2,16,cur incl 8000 OSCIM grant = added funding not cost; spent 32800 of 150000 as of Jun 2019 (p17),bonds
2017,Health & Safety Program,150000,160500,60400,2020-01-14,bond-audit-bond-performance-audit-year-2,12,cur = available FUNDING incl 8000 OSCIM + 2500 SRGP grants; spent 60400 = 38% (p15-16),bonds
2017,Health & Safety Program,150000,175282.872,142549.788,2025-02-13,bond-audit-bond-performance-audit-year-6,13,revised budget 179280.525 (premium/grants +11000 non-bond); more improvements than envisioned; no stated completion deadline (p13),bonds
2017,Jefferson HS Modernization Pre-Design (Pre-Bond),0,100,0,2019-01-01,budget-fy2019-20-book,159,,fy2019-20
2017,Kellogg MS,45000,,,2017-01,bond-audit-bond-performance-audit-year-1-phase-1,12,internal model 68000 (p15),bonds
2017,Kellogg MS,45000,57892.617,57892.035,2025-02-13,bond-audit-bond-performance-audit-year-6,13,revised budget 57941.414; complete,bonds
2017,Kellogg MS,45000,58000,,2022-03-31,bond-audit-bond-performance-audit-year-4,32,revised design-stage baseline 60000 (+33% vs ballot); EAC -3% vs revised; opened Jan 2021 1 month late (p32),bonds
2017,Kellogg MS,45000,59800,,2019-06-19,bond-audit-bond-performance-audit-year-1-phase-2,16,+32.9%; construction,bonds
2017,Kellogg MS,45000,59800,,2020-01-14,bond-audit-bond-performance-audit-year-2,12,stable; construction,bonds
2017,Kellogg Replacement,45000,59811,16341,2020-01-17,budget-fy2020-21-vol1,221,,fy2020-21
2017,Kellogg Replacement,45000,60186,4398,2019-01-01,budget-fy2019-20-book,159,"FY20 budget 34,623,569",fy2019-20
2017,Kellogg Replacement,45000.0,59846.15,53064.349,2021-03-11,budget-fy2021-22-vol1,262,"Budget FY22 604,290",fy2021-22
2017,Lincoln HS Replacement,187000,242500,12199,2020-01-17,budget-fy2020-21-vol1,221,,fy2020-21
2017,Lincoln HS Replacement,187000,242879,2663,2019-01-01,budget-fy2019-20-book,159,"FY20 budget 26,000,000",fy2019-20
2017,Lincoln HS Replacement,187000.0,242500.0,65079.843,2021-03-11,budget-fy2021-22-vol1,262,"Budget FY22 88,065,179",fy2021-22
2017,Lincoln HS,187000,,,2017-01,bond-audit-bond-performance-audit-year-1-phase-1,12,internal model 210000 (p15),bonds
2017,Lincoln HS,187000,,,2023-05,bond-audit-bond-performance-audit-year-5,12,forecast cost savings 9000-9500 to return to bond program; both phases on schedule (p12-13); ANOMALY: Exhibit 3 EAC table is an image lost to extraction,bonds
2017,Lincoln HS,187000,223557.85,223600.784,2025-02-13,bond-audit-bond-performance-audit-year-6,13,revised budget 240469.558; completed on time; 16900 under revised budget (Ex 6 p19: constr 6000 + prof svcs 500 + owner 200 + contingency 10200 savings); BAC Jan 2025 reported 18600 savings; savings not yet reallocated,bonds
2017,Lincoln HS,187000,240000,,2022-03-31,bond-audit-bond-performance-audit-year-4,32,revised baseline 243000 (+30%); EAC -1% vs revised,bonds
2017,Lincoln HS,187000,242500,,2020-01-14,bond-audit-bond-performance-audit-year-2,12,-0.2% vs Jun 2019; construction,bonds
2017,Lincoln HS,187000,243100,,2019-06-19,bond-audit-bond-performance-audit-year-1-phase-2,16,+30%; design,bonds
2017,Madison HS (later McDaniel),146000,,,2017-01,bond-audit-bond-performance-audit-year-1-phase-1,12,internal model 171000 (p15),bonds
2017,Madison HS (later McDaniel),146000,202500,,2020-01-14,bond-audit-bond-performance-audit-year-2,12,-1.9%; construction,bonds
2017,Madison HS (later McDaniel),146000,206500,,2019-06-19,bond-audit-bond-performance-audit-year-1-phase-2,16,+41.4%; construction,bonds
2017,Madison HS Modernization,146000,199274,5902,2019-01-01,budget-fy2019-20-book,159,"FY20 budget 86,000,000",fy2019-20
2017,Madison HS Modernization,146000,201503,37416,2020-01-17,budget-fy2020-21-vol1,221,,fy2020-21
2017,Madison HS Modernization,146000.0,202540.25,150668.387,2021-03-11,budget-fy2021-22-vol1,262,"Budget FY22 19,577,186; school renamed McDaniel HS (p.259)",fy2021-22
2017,McDaniel HS (formerly Madison),146000,200508.133,200396.979,2025-02-13,bond-audit-bond-performance-audit-year-6,13,revised budget 200717.847; complete,bonds
2017,McDaniel HS (formerly Madison),146000,201000,,2022-03-31,bond-audit-bond-performance-audit-year-4,32,revised baseline 199000 (+36%); EAC +2% vs revised; opened Jul 2021 2 months late (p32),bonds
2017,Modernization subtotal (Benson/Kellogg/Lincoln/Madison),580000.0,572208.971,292046.121,2021-03-11,budget-fy2021-22-vol1,262,,fy2021-22
2017,Multiple Sites - 2018-2019 Middle School Conversions,0,32541,29128,2019-01-01,budget-fy2019-20-book,159,"FY20 budget 780,000",fy2019-20
2017,Program Mgmt & Contingency,60000,,,2017-01,bond-audit-bond-performance-audit-year-1-phase-1,12,FINDING: assumptions low vs other districts and PPS history (p12),bonds
2017,Program Mgmt & Contingency,60000,57900,,2020-01-14,bond-audit-bond-performance-audit-year-2,12,= 17600 contingency + 40300 mgmt; -25.4% vs Jun 2019,bonds
2017,Program Mgmt & Contingency,60000,72600,,2019-06-19,bond-audit-bond-performance-audit-year-1-phase-2,16,= 20600 contingency + ~52000 mgmt (auditor-calculated); orig 20000 contingency + 40000 mgmt,bonds
2017,TOTAL 2017 Bond,790000,778981,56108,2019-01-01,budget-fy2019-20-book,159,,fy2019-20
2017,Unallocated Athletics,0,104.511,0,2025-02-13,bond-audit-bond-performance-audit-year-6,13,,bonds
2017,Wilson HS Modernization Pre-Design (Pre-Bond),0,100,0,2019-01-01,budget-fy2019-20-book,159,,fy2019-20
2020 (26-215),Benson Polytechnic HS Completion,152000,,,2020-09,tscc-measure-26-215-review,6,,tscc
2020 (26-215),Center for Black Student Excellence,60000,,,2020-09,tscc-measure-26-215-review,6,26-259 review p.5 notes continued auditor/press scrutiny of slow progress,tscc
2020 (26-215),Design/Pre-construction of 2 High Schools,40000,,,2020-09,tscc-measure-26-215-review,6,Cleveland and Ida B Wells (Wilson),tscc
2020 (26-215),Educational Improvements,229000,,,2020-09,tscc-measure-26-215-review,6,,tscc
2020 (26-215),Health and Safety Projects,184000,,,2020-09,tscc-measure-26-215-review,6,,tscc
2020 (26-215),Jefferson High School Modernization,311000,,,2020-09,tscc-measure-26-215-review,6,,tscc
2020 (26-215),Management (6%),63000,,,2020-09,tscc-measure-26-215-review,6,,tscc
2020 (26-215),Multiple Pathways to Graduation Program Building,64000,,,2020-09,tscc-measure-26-215-review,6,"later renamed hayu alqi uyxat (Benson campus, opened fall 2024 per tscc-review-fy2026 p.12)",tscc
2020 (26-215),Other Improvements/Design,12000,,,2020-09,tscc-measure-26-215-review,6,,tscc
2020 (26-215),Project Contingency (10%),93000,,,2020-09,tscc-measure-26-215-review,6,excluding curriculum & technology,tscc
2020 (26-215),Total authorization,1208000,,,2020-09,tscc-measure-26-215-review,2,native $ millions; measure seeks up to $1.208 billion; commonly described as '$1.2 billion'; components below from final-configuration table p.6,tscc
2020,2017 Bond Balance (Benson completion),152000,,,2025-02-13,bond-audit-bond-performance-audit-year-6,21,ballot category; combined into Benson 2020 row per Note D,bonds
2020,2017 Bond Balance,152000.0,152000.0,0.0,2021-03-11,budget-fy2021-22-vol1,263,2020 bond funding to complete 2017 bond scope,fy2021-22
2020,2020 Bond Program (program admin),156356.0,156362.168,4281.333,2021-03-11,budget-fy2021-22-vol1,263,"Budget FY22 9,824,691",fy2021-22
2020,2020 BOND PROGRAM TOTAL,1200000,,,2020-11,tscc-measure-26-259-review,7,Nov 2020; 75% yes (recap rounds to 1.2B; measure authorized 1208000 per 26-215 review and Y5 Exhibit 5),bonds
2020,2020 BOND PROGRAM TOTAL,1208000,,,2023-05,bond-audit-bond-performance-audit-year-5,15,Exhibit 5 total bond amount 1208000; admin+contingency 156400 = 13%,bonds
2020,2020 BOND PROGRAM TOTAL,1208000,1232012.955,632325.247,2025-02-13,bond-audit-bond-performance-audit-year-6,21,revised budget 1342413.748 (premium + grants); several areas expect higher-than-budgeted costs (Jefferson/Cleveland/IBW/tech/CBSE),bonds
2020,2020 Bond TOTAL,1208000.0,1208006.168,4281.333,2021-03-11,budget-fy2021-22-vol1,263,actuals approved shown only on program-admin line,fy2021-22
2020,2020 Curriculum subtotal,53444.0,53444.0,0.0,2021-03-11,budget-fy2021-22-vol1,263,"Budget FY22 16,604,000; nine subject-area lines printed",fy2021-22
2020,2020 Technology subtotal,128200.0,128200.0,0.0,2021-03-11,budget-fy2021-22-vol1,263,"Budget FY22 58,804,376; components: Device Replacement 31,006,443; Classroom Modernization 24,780,325; Infrastructure and Security 38,041,500; ERP Replacement Planning 11,107,080; Technology Program Administration 23,264,652",fy2021-22
2020,Accessibility - ADA,33800.0,33800.0,0.0,2021-03-11,budget-fy2021-22-vol1,263,"printed 'Accessibitly' (sic); Budget FY22 2,200,380",fy2021-22
2020,ADA,33800,,,2023-05,bond-audit-bond-performance-audit-year-5,14,,bonds
2020,Administration,63098.64,63098.64,20573.855,2025-02-13,bond-audit-bond-performance-audit-year-6,21,,bonds
2020,Benson 2020 (completion funding for Benson Main),0,164903.89,160893.697,2025-02-13,bond-audit-bond-performance-audit-year-6,21,revised budget 164903.890; absorbs the 152000 '2017 Bond Balance' ballot category (Note D),bonds
2020,Benson MPG Building,64000,,,2023-05,bond-audit-bond-performance-audit-year-5,14,cost + schedule flags (pandemic effects) (p14),bonds
2020,Benson MPG Building,64000,80515.523,77074.819,2025-02-13,bond-audit-bond-performance-audit-year-6,21,revised budget 80515.523,bonds
2020,Capacity Improvements,10000,,,2023-05,bond-audit-bond-performance-audit-year-5,14,scope flag; ~6000 to ACCESS/Terwilliger + ~4400 to Harrison Park (p15-16),bonds
2020,Capacity,10000.0,10000.0,0.0,2021-03-11,budget-fy2021-22-vol1,263,,fy2021-22
2020,Capital Construction + Health & Safety,857000,,,2022-03-31,bond-audit-bond-performance-audit-year-4,41,>71% of 2020 bond; modernizations + master planning + roofs/mechanical/security/ADA/seismic,bonds
2020,Center for Black Student Excellence,60000,,,2022-03-31,bond-audit-bond-performance-audit-year-4,40,FINDING: CBSE higher risk needing prompt action and close monitoring; no director; undefined roles (p40; per Y6 p33 recap),bonds
2020,Center for Black Student Excellence,60000,,,2023-05,bond-audit-bond-performance-audit-year-5,14,schedule flag (p14),bonds
2020,Center for Black Student Excellence,60000,60000,0,2025-02-13,bond-audit-bond-performance-audit-year-6,21,FINDING: 4+ yrs post-approval no capital projects identified; $0 of 60000 spent; conceptual schedule (complete by summer 2025) never updated; director only hired Fall 2024 (p33),bonds
2020,Center for Black Student Excellence,60000.0,60000.0,0.0,2021-03-11,budget-fy2021-22-vol1,263,"Budget FY22 6,352,501",fy2021-22
2020,Cleveland High School Modernization - Planning & Design,20000.0,20000.0,0.0,2021-03-11,budget-fy2021-22-vol1,263,,fy2021-22
2020,Cleveland HS (planning/design),20000,,,2023-05,bond-audit-bond-performance-audit-year-5,14,,bonds
2020,Cleveland HS,20000,20000,5608.356,2025-02-13,bond-audit-bond-performance-audit-year-6,21,FINDING: total-project est ~481000 at May 2024 Board (incl 20000 planning); Dec 2024 75% SD constr-only est >462000; Superintendent target -100000 to ~360000 (340000 from proposed 2025 bond); Dec 2024 calendar shows opening slipping to 2030-31 (p27-28),bonds
2020,Contingency,93257.36,0,0,2025-02-13,bond-audit-bond-performance-audit-year-6,21,"revised 59511.241 (source prints '$59,511.241' - thousands-separator typo)",bonds
2020,Curriculum,53400,,,2022-03-31,bond-audit-bond-performance-audit-year-4,41,,bonds
2020,Curriculum,53400,53400,38100,2023-02,bond-audit-bond-performance-audit-year-5,30,spent 38100 (71%) as of Feb 2023; 10500 of Middle School Redesign found non-compensable and redistributed (Ex 10 note 5),bonds
2020,Curriculum,53444,73369.816,51843.865,2025-02-13,bond-audit-bond-performance-audit-year-6,21,revised budget 70161.233 (incl non-bond); implementation complete + extra mental-health curriculum beyond plan (p32),bonds
2020,Harrison Park MS (capacity project),,42700,,2023-07,bond-audit-bond-performance-audit-year-5,16,FINDING: total est 42600-42700 vs 4400 capacity allocation; funded by capacity 4400 + SPED 308 + mechanical 11500 + security 52 + technology 856 + program contingency 25600; scope expansion deemed reasonable (p16),bonds
2020,Ida B. Wells HS (planning/design),20000,,,2023-05,bond-audit-bond-performance-audit-year-5,14,formerly Wilson,bonds
2020,Ida B. Wells HS,20000,20086.066,6759.831,2025-02-13,bond-audit-bond-performance-audit-year-6,21,FINDING: total-project est ~455000 at May 2024 (constr 367000 -> 376000 at Dec 2024 SD); target 360000 with 340000 from proposed 2025 bond (p28),bonds
2020,Infrastructure Subtotal,231000,228762.139,160707.125,2025-01,bond-audit-bond-performance-audit-year-6,38,revised 236143.952; on track within original 231000 bond allocation (p37),bonds
2020,Infrastructure,241000,276677.567,200034.283,2025-02-13,bond-audit-bond-performance-audit-year-6,21,revised budget 284533.936,bonds
2020,Infrastructure: ADA,33800,47600.416,39557.13,2025-01,bond-audit-bond-performance-audit-year-6,38,"revised 47389.284; FINDING: ADA+SPED combined ~5000 (11%) over original; 1-yr delay (backflow permits, asbestos on doors)",bonds
2020,Infrastructure: Mechanical,75000,63576.806,33105.181,2025-01,bond-audit-bond-performance-audit-year-6,38,revised 63500; -15% vs original via scope change (15 full replacements -> 4 full + 27 control upgrades); 1-yr delay; 8-12 month equipment lead times; control upgrades run to Fall 2026 (p37),bonds
2020,Infrastructure: Roof,65700,65567.017,60273.511,2025-01,bond-audit-bond-performance-audit-year-6,38,revised 68446.243; complete; 13 sites vs 12 planned,bonds
2020,Infrastructure: Security,25900,22625.9,9601.086,2025-01,bond-audit-bond-performance-audit-year-6,38,revised 27419.107; -13%; 1-yr delay,bonds
2020,Infrastructure: Seismic,17200,24760.548,16410.82,2025-01,bond-audit-bond-performance-audit-year-6,38,revised 24757.866 incl 7500 SRGP state grant; +44% vs bond-only original; 1-yr delay,bonds
2020,Infrastructure: SPED,13400,4631.452,1759.397,2025-01,bond-audit-bond-performance-audit-year-6,38,revised 4631.452; scope grouped with ADA; SPED furniture exceeded target (84 vs 71 sites p37),bonds
2020,Jefferson High School Modernization,311000.0,311000.0,0.0,2021-03-11,budget-fy2021-22-vol1,263,"Budget FY22 2,730,001",fy2021-22
2020,Jefferson HS,311000,366000,,2023-05,bond-audit-bond-performance-audit-year-5,14,FINDING: +55000 escalation reported to Board Dec 2022 (3rd-party estimates 16-20% higher); to be paid from 2020 program contingency leaving ~38000 of 93300 (p14-15),bonds
2020,Jefferson HS,311000,366007.5,19852.23,2025-02-13,bond-audit-bond-performance-audit-year-6,21,FINDING: eBuilder EAC 366007.5 but Sep 2024 100% schematic design estimate = 491000 (+124800; constr 407000); 2-yr delay to 2028-29 opening; design paused for Superintendent cost-reduction exercise (p22); Jul 2023 CMGC constr-only est 513000 vs 3rd-party 470000 (p24),bonds
2020,Mechanical,75000,,,2023-05,bond-audit-bond-performance-audit-year-5,14,scope flag: 15 full replacements revised to control upgrades at multiple sites (p37 of Y6 recaps),bonds
2020,Mechanical,75000.0,75000.0,0.0,2021-03-11,budget-fy2021-22-vol1,263,"Budget FY22 1,986,768",fy2021-22
2020,MPG Building,64000.0,64000.0,0.0,2021-03-11,budget-fy2021-22-vol1,263,"Budget FY22 38,600,000; Multiple Pathways to Graduation building on Benson campus",fy2021-22
2020,Program Admin,63100,,,2023-05,bond-audit-bond-performance-audit-year-5,15,Exhibit 5: admin 5.2% of bond,bonds
2020,Program Contingency,93300,,,2023-05,bond-audit-bond-performance-audit-year-5,15,59% (55000) committed to Jefferson escalation leaving ~38000 (p14-15),bonds
2020,Roofing,65700.0,65700.0,0.0,2021-03-11,budget-fy2021-22-vol1,263,"Budget FY22 3,486,768",fy2021-22
2020,Roofs,65700,,,2023-05,bond-audit-bond-performance-audit-year-5,14,,bonds
2020,Roosevelt HS (Phase V),2000,,,2023-05,bond-audit-bond-performance-audit-year-5,14,,bonds
2020,Roosevelt HS (Phase V),2000,2000,97.625,2025-02-13,bond-audit-bond-performance-audit-year-6,21,,bonds
2020,Roosevelt Phase V,2000.0,2000.0,0.0,2021-03-11,budget-fy2021-22-vol1,263,,fy2021-22
2020,Security,25900,,,2023-05,bond-audit-bond-performance-audit-year-5,14,,bonds
2020,Security,25900.0,25900.0,0.0,2021-03-11,budget-fy2021-22-vol1,263,"Budget FY22 1,604,505",fy2021-22
2020,Seismic,17200,,,2023-05,bond-audit-bond-performance-audit-year-5,14,,bonds
2020,Seismic,17200.0,17200.0,0.0,2021-03-11,budget-fy2021-22-vol1,263,"Budget FY22 5,018,583",fy2021-22
2020,Special Education Improvements,13400.0,13400.0,0.0,2021-03-11,budget-fy2021-22-vol1,263,"Budget FY22 872,340",fy2021-22
2020,Special Education,13400,,,2022-03-31,bond-audit-bond-performance-audit-year-4,41,,bonds
2020,Special Education,13400,,,2023-05,bond-audit-bond-performance-audit-year-5,14,,bonds
2020,Technology,128200,,,2022-03-31,bond-audit-bond-performance-audit-year-4,41,core infrastructure + assistive tech + device replacement,bonds
2020,Technology,128200,105353.953,89586.686,2025-02-13,bond-audit-bond-performance-audit-year-6,21,revised budget 151681.785; FINDING: cumulative 4-yr schedule delay to 2029 (IDIQ contracting pool shrank to 4 during vaccination mandate; no change possible until IDIQ ended Nov 2024) (p32-33),bonds
2020,Technology,128200,128200,70300,2023-05,bond-audit-bond-performance-audit-year-5,31,spent 70300 as of May 2023; Feb 2023 breakdown p32: bond actuals 64000 + 6000 non-bond; classroom modernization delayed to 2026; devices complete (80000+ devices),bonds
2020,Technology: Classroom Modernization,25000,25800,,2024-07,bond-audit-bond-performance-audit-year-6,32,baseline completion 2025 -> revised 2029,bonds
2020,Technology: Device Replacement,31000,38700,,2024-07,bond-audit-bond-performance-audit-year-6,32,completed,bonds
2020,Technology: ERP Replacement Planning,11000,10800,,2024-07,bond-audit-bond-performance-audit-year-6,32,completed,bonds
2020,Technology: Infrastructure & Security,38000,39100,,2024-07,bond-audit-bond-performance-audit-year-6,32,baseline 2025 -> revised 2029,bonds
2020,Technology: Program Administration,23200,13000,,2024-07,bond-audit-bond-performance-audit-year-6,32,revised amount per Jul 2024 BAC report,bonds
2020,Wilson High School Modernization - Planning & Design,20000.0,20000.0,0.0,2021-03-11,budget-fy2021-22-vol1,263,school renamed Ida B Wells HS (p.260),fy2021-22
2025 (26-259),"Safety/security, seismic, and high school modernization",974000,,,2025-06,tscc-review-fy2026,12,"narrative groups 'update safety and security systems, update seismic performance, and modernize high schools ($974 million)'",tscc
2025 (26-259),Bond administration,83000,,,2025-05,tscc-measure-26-259-review,8,,tscc
2025 (26-259),Curriculum materials,56000,,,2025-06,tscc-review-fy2026,12,,tscc
2025 (26-259),Extracurricular activities,79000,,,2025-06,tscc-review-fy2026,12,,tscc
2025 (26-259),Physical education,10000,,,2025-06,tscc-review-fy2026,12,,tscc
2025 (26-259),Project contingency (5%),83000,,,2025-05,tscc-measure-26-259-review,8,$83M contingency and $83M administration per Bond Accountability Committee report cited in review,tscc
2025 (26-259),Technology,176000,,,2025-06,tscc-review-fy2026,12,,tscc
2025 (26-259),Total authorization,1830000,,,2025-05,tscc-measure-26-259-review,1,"$1.83 billion GO bonds; avg est tax rate for all PPS bonds continues at $2.50/$1,000 AV; first-year (2025-26) rate for new bonds alone est $1.17/$1,000 assuming $79.6M 2025 issuance (p.7)",tscc
2025 (26-259),Update/repair aging elementary and middle schools,366000,,,2025-06,tscc-review-fy2026,12,component amounts from FY25-26 review narrative (measure review's own project-cost breakout table is image-only),tscc
2025,2025 BOND PROGRAM TOTAL (proposed),1830000,,,2025-05,tscc-measure-26-259-review,1,authorizes 1830000; avg rate for all PPS bonds to continue at 2.50/1000 AV; NOT the 2020 bond (that is measure 26-215),bonds
2025,Administration (proposed),83000,,,2025-05,tscc-measure-26-259-review,8,,bonds
2025,Contingency (proposed),83000,,,2025-05,tscc-measure-26-259-review,8,5% overall project contingency,bonds
all,Total Bond (2012+2017+2020),2480000.0,2705288.684,1018949.592,2021-03-11,budget-fy2021-22-vol1,263,"Budget FY22 404,720,553",fy2021-22
combined,TOTAL Capital Improvement Bond Program,1272000,1405463,565782,2019-01-01,budget-fy2019-20-book,159,combined 2012+2017 grand total incl additional funding resource,fy2019-20
