group,fte,fy,basis,doc_id,page,notes,fragment
District Level Administration,22.4,2011,actual-acfr,acfr-fy2020,135,Sch 15,acfr-statistical
Educational Assistants,636.0,2011,actual-acfr,acfr-fy2020,135,Sch 15,acfr-statistical
Other Staff,1896.9,2011,actual-acfr,acfr-fy2020,135,Sch 15,acfr-statistical
School Level Administration,140.6,2011,actual-acfr,acfr-fy2020,135,Sch 15,acfr-statistical
Teachers,2440.5,2011,actual-acfr,acfr-fy2020,135,Sch 15,acfr-statistical
Total FTE,5136.4,2011,actual-acfr,acfr-fy2020,135,Sch 15,acfr-statistical
District Level Administration,13.0,2012,actual-acfr,acfr-fy2020,135,Sch 15,acfr-statistical
Educational Assistants,555.8,2012,actual-acfr,acfr-fy2020,135,Sch 15,acfr-statistical
Other Staff,1850.3,2012,actual-acfr,acfr-fy2020,135,Sch 15,acfr-statistical
School Level Administration,142.9,2012,actual-acfr,acfr-fy2020,135,Sch 15,acfr-statistical
Teachers,2315.0,2012,actual-acfr,acfr-fy2020,135,Sch 15,acfr-statistical
Total FTE,4877.0,2012,actual-acfr,acfr-fy2020,135,Sch 15,acfr-statistical
District Level Administration,14.0,2013,actual-acfr,acfr-fy2020,135,Sch 15,acfr-statistical
Educational Assistants,520.9,2013,actual-acfr,acfr-fy2020,135,Sch 15,acfr-statistical
Other Staff,1798.4,2013,actual-acfr,acfr-fy2020,135,Sch 15,acfr-statistical
School Level Administration,144.2,2013,actual-acfr,acfr-fy2020,135,Sch 15,acfr-statistical
Teachers,2353.1,2013,actual-acfr,acfr-fy2020,135,Sch 15,acfr-statistical
Total FTE,4830.6,2013,actual-acfr,acfr-fy2020,135,Sch 15,acfr-statistical
District Level Administration,11.0,2014,actual-acfr,acfr-fy2020,135,Sch 15,acfr-statistical
Educational Assistants,509.8,2014,actual-acfr,acfr-fy2020,135,Sch 15,acfr-statistical
Other Staff,1720.0,2014,actual-acfr,acfr-fy2020,135,Sch 15,acfr-statistical
School Level Administration,142.3,2014,actual-acfr,acfr-fy2020,135,Sch 15,acfr-statistical
Teachers,2384.0,2014,actual-acfr,acfr-fy2020,135,Sch 15,acfr-statistical
Total FTE,4767.1,2014,actual-acfr,acfr-fy2020,135,Sch 15,acfr-statistical
District Level Administration,17.0,2015,actual-acfr,acfr-fy2020,135,Sch 15,acfr-statistical
Educational Assistants,582.1,2015,actual-acfr,acfr-fy2020,135,Sch 15,acfr-statistical
Other Staff,2056.5,2015,actual-acfr,acfr-fy2020,135,Sch 15,acfr-statistical
School Level Administration,155.0,2015,actual-acfr,acfr-fy2020,135,Sch 15,acfr-statistical
Teachers,2606.8,2015,actual-acfr,acfr-fy2020,135,Sch 15,acfr-statistical
Total FTE,5417.4,2015,actual-acfr,acfr-fy2020,135,Sch 15,acfr-statistical
District grand total (all employee types),5793.00,2015-16,actual-budgetary,budget-fy2019-20-book,185,"FTE by Major Program and Employee Type table, column '2016 Actual'",fy2019-20
District Level Administration,22.0,2016,actual-acfr,acfr-fy2020,136,Sch 15,acfr-statistical
District Level Administration,22.0,2016,actual-acfr,acfr-fy2025,143,Sch 15,acfr-statistical
Educational Assistants,667.8,2016,actual-acfr,acfr-fy2020,136,Sch 15,acfr-statistical
Educational Assistants,667.8,2016,actual-acfr,acfr-fy2025,143,Sch 15,acfr-statistical
Other Staff,1959.4,2016,actual-acfr,acfr-fy2020,136,Sch 15,acfr-statistical
Other Staff,1959.4,2016,actual-acfr,acfr-fy2025,143,Sch 15,acfr-statistical
School Level Administration,151.0,2016,actual-acfr,acfr-fy2020,136,Sch 15,acfr-statistical
School Level Administration,151.0,2016,actual-acfr,acfr-fy2025,143,Sch 15,acfr-statistical
Teachers,2632.5,2016,actual-acfr,acfr-fy2020,136,Sch 15,acfr-statistical
Teachers,2632.5,2016,actual-acfr,acfr-fy2025,143,Sch 15,acfr-statistical
Total FTE,5432.7,2016,actual-acfr,acfr-fy2020,136,Sch 15,acfr-statistical
Total FTE,5432.7,2016,actual-acfr,acfr-fy2025,143,Sch 15,acfr-statistical
All Funds: TOTAL,5866.1,2016-17,actual-budgetary,budget-fy2020-21-vol1,248,Grand Total of FTE by Major Function and Employee Type (PBAM) table; column header uses calendar-style year (2017 Actual = FY2016-17),fy2020-21
Central Support,160.22,2016-17,adopted,budget-fy2016-17-book,57,Fund 101 General Fund only,fy2016-17
Central Support,162.17,2016-17,adopted,budget-fy2016-17-book,57,all funds,fy2016-17
District grand total (all employee types),5866.10,2016-17,actual-budgetary,budget-fy2019-20-book,185,column '2017 Actual',fy2019-20
Enterprise and Community Services,226.40,2016-17,adopted,budget-fy2016-17-book,57,all funds,fy2016-17
Enterprise and Community Services,8.22,2016-17,adopted,budget-fy2016-17-book,57,Fund 101 General Fund only,fy2016-17
Facilities Acquisition and Construction,20.80,2016-17,adopted,budget-fy2016-17-book,57,all funds,fy2016-17
Instruction,3088.45,2016-17,adopted,budget-fy2016-17-book,57,Fund 101 General Fund only,fy2016-17
Instruction,3509.18,2016-17,adopted,budget-fy2016-17-book,57,"Staffing Summary by Program and Fund, adopted 2016/17; allocations described as preliminary; all funds",fy2016-17
Instructional Support Services,703.95,2016-17,adopted,budget-fy2016-17-book,57,Fund 101 General Fund only,fy2016-17
Instructional Support Services,846.13,2016-17,adopted,budget-fy2016-17-book,57,all funds,fy2016-17
Support Services - General Administration,1062.38,2016-17,adopted,budget-fy2016-17-book,57,Fund 101 General Fund only,fy2016-17
Support Services - General Administration,1071.75,2016-17,adopted,budget-fy2016-17-book,57,all funds,fy2016-17
Total FTE,5023.22,2016-17,adopted,budget-fy2016-17-book,57,Fund 101 General Fund only,fy2016-17
Total FTE,5836.43,2016-17,adopted,budget-fy2016-17-book,57,all funds,fy2016-17
District Level Administration,21.0,2017,actual-acfr,acfr-fy2020,136,Sch 15,acfr-statistical
District Level Administration,21.0,2017,actual-acfr,acfr-fy2025,143,Sch 15,acfr-statistical
Educational Assistants,674.3,2017,actual-acfr,acfr-fy2020,136,Sch 15,acfr-statistical
Educational Assistants,674.3,2017,actual-acfr,acfr-fy2025,143,Sch 15,acfr-statistical
Other Staff,2123.1,2017,actual-acfr,acfr-fy2020,136,Sch 15,acfr-statistical
Other Staff,2123.1,2017,actual-acfr,acfr-fy2025,143,Sch 15,acfr-statistical
School Level Administration,166.5,2017,actual-acfr,acfr-fy2020,136,Sch 15,acfr-statistical
School Level Administration,166.5,2017,actual-acfr,acfr-fy2025,143,Sch 15,acfr-statistical
Teachers,2737.7,2017,actual-acfr,acfr-fy2020,136,Sch 15,acfr-statistical
Teachers,2737.7,2017,actual-acfr,acfr-fy2025,143,Sch 15,acfr-statistical
Total FTE,5722.6,2017,actual-acfr,acfr-fy2020,136,Sch 15,acfr-statistical
Total FTE,5722.6,2017,actual-acfr,acfr-fy2025,143,Sch 15,acfr-statistical
All Funds: TOTAL,5775.25,2017-18,actual-budgetary,budget-fy2020-21-vol1,248,Grand Total of FTE by Major Function and Employee Type (PBAM) table; column header uses calendar-style year (2017 Actual = FY2016-17),fy2020-21
Central Support - all funds,147.45,2017-18,adopted,budget-fy2017-18-book,55,,fy2017-18
Central Support - Fund 101 (General Fund),146.05,2017-18,adopted,budget-fy2017-18-book,55,,fy2017-18
District grand total (all employee types),5775.25,2017-18,actual-budgetary,budget-fy2019-20-book,185,column '2018 Actual',fy2019-20
District Grand Total (FTE by Major Function and Employee Type),5775.25,2017-18,actual-budgetary,budget-fy2021-22-vol1,290,printed as 2018 Actual,fy2021-22
Enterprise and Community Services - all funds,218.33,2017-18,adopted,budget-fy2017-18-book,55,,fy2017-18
Enterprise and Community Services - Fund 101 (General Fund),11.98,2017-18,adopted,budget-fy2017-18-book,55,,fy2017-18
Facilities Acquisition and Construction - all funds,16.00,2017-18,adopted,budget-fy2017-18-book,55,,fy2017-18
Facilities Acquisition and Construction - Fund 101 (General Fund),0.00,2017-18,adopted,budget-fy2017-18-book,55,,fy2017-18
Instruction - all funds,3429.45,2017-18,adopted,budget-fy2017-18-book,55,,fy2017-18
Instruction - Fund 101 (General Fund),3017.38,2017-18,adopted,budget-fy2017-18-book,55,"FTE as printed (not thousands); 'Support Services General Administration' subtotal includes Executive Admin, School Admin, Business, O&M of Plant, Transportation, Internal Services; book warns allocations are preliminary",fy2017-18
Instructional Support Services - all funds,840.95,2017-18,adopted,budget-fy2017-18-book,55,,fy2017-18
Instructional Support Services - Fund 101 (General Fund),708.85,2017-18,adopted,budget-fy2017-18-book,55,,fy2017-18
Support Services General Administration - all funds,1095.28,2017-18,adopted,budget-fy2017-18-book,55,,fy2017-18
Support Services General Administration - Fund 101 (General Fund),1084.83,2017-18,adopted,budget-fy2017-18-book,55,,fy2017-18
Total FTE - all funds,5747.46,2017-18,adopted,budget-fy2017-18-book,55,,fy2017-18
Total FTE - Fund 101 (General Fund),4969.09,2017-18,adopted,budget-fy2017-18-book,55,,fy2017-18
District Level Administration,19.2,2018,actual-acfr,acfr-fy2020,136,Sch 15,acfr-statistical
District Level Administration,19.2,2018,actual-acfr,acfr-fy2025,143,Sch 15,acfr-statistical
Educational Assistants,680.8,2018,actual-acfr,acfr-fy2020,136,Sch 15,acfr-statistical
Educational Assistants,680.8,2018,actual-acfr,acfr-fy2025,143,Sch 15,acfr-statistical
Other Staff,2275.2,2018,actual-acfr,acfr-fy2020,136,Sch 15,acfr-statistical
Other Staff,2275.2,2018,actual-acfr,acfr-fy2025,143,Sch 15,acfr-statistical
School Level Administration,167.3,2018,actual-acfr,acfr-fy2020,136,Sch 15,acfr-statistical
School Level Administration,167.3,2018,actual-acfr,acfr-fy2025,143,Sch 15,acfr-statistical
Teachers,2684.2,2018,actual-acfr,acfr-fy2020,136,Sch 15,acfr-statistical
Teachers,2684.2,2018,actual-acfr,acfr-fy2025,143,Sch 15,acfr-statistical
Total FTE,5826.7,2018,actual-acfr,acfr-fy2020,136,Sch 15,acfr-statistical
Total FTE,5826.7,2018,actual-acfr,acfr-fy2025,143,Sch 15,acfr-statistical
All Funds: TOTAL,5836.49,2018-19,actual-budgetary,budget-fy2020-21-vol1,248,Grand Total of FTE by Major Function and Employee Type (PBAM) table; column header uses calendar-style year (2017 Actual = FY2016-17),fy2020-21
District grand total (all employee types),5836.49,2018-19,revised,budget-fy2019-20-book,185,column '2019 Current',fy2019-20
District Grand Total (FTE by Major Function and Employee Type),5836.49,2018-19,actual-budgetary,budget-fy2021-22-vol1,290,printed as 2019 Actual,fy2021-22
District Grand Total (FTE by Major Function and Employee Type),5836.49,2018-19,actual-budgetary,budget-fy2022-23-vol1,282,FTE by Major Function and Employee Type table pp281-282; column headed '2019 Actual',fy2022-23
Total Central Support,134.15,2018-19,adopted,budget-fy2018-19-book,45,,fy2018-19
Total Enterprise & Community Services,223.04,2018-19,adopted,budget-fy2018-19-book,45,,fy2018-19
Total Facilities Acquisition & Construction,35.00,2018-19,adopted,budget-fy2018-19-book,45,,fy2018-19
Total FTE - Fund 101 General Fund,4999.79,2018-19,adopted,budget-fy2018-19-book,45,,fy2018-19
Total FTE - Fund 202 Cafeteria,188.05,2018-19,adopted,budget-fy2018-19-book,45,,fy2018-19
Total FTE - Fund 205 Grants,504.15,2018-19,adopted,budget-fy2018-19-book,45,,fy2018-19
Total FTE - Fund 299 Dedicated Resource,71.38,2018-19,adopted,budget-fy2018-19-book,45,,fy2018-19
Total FTE - Fund 450 GO Bonds,35.00,2018-19,adopted,budget-fy2018-19-book,45,,fy2018-19
Total FTE - Fund 601 Self Insurance,2.28,2018-19,adopted,budget-fy2018-19-book,45,,fy2018-19
Total FTE (all funds),5800.65,2018-19,adopted,budget-fy2018-19-book,45,book cautions staffing allocations are preliminary until Fall Balancing,fy2018-19
Total Instructional Programs,3402.78,2018-19,adopted,budget-fy2018-19-book,45,,fy2018-19
Total Instructional Support Services,918.14,2018-19,adopted,budget-fy2018-19-book,45,,fy2018-19
Total Support Services General Administration,1087.54,2018-19,adopted,budget-fy2018-19-book,45,,fy2018-19
District Level Administration,16.0,2019,actual-acfr,acfr-fy2020,136,Sch 15,acfr-statistical
District Level Administration,16.0,2019,actual-acfr,acfr-fy2025,143,Sch 15,acfr-statistical
Educational Assistants,647.1,2019,actual-acfr,acfr-fy2020,136,Sch 15,acfr-statistical
Educational Assistants,647.1,2019,actual-acfr,acfr-fy2025,143,Sch 15,acfr-statistical
Other Staff,2048.1,2019,actual-acfr,acfr-fy2020,136,Sch 15,acfr-statistical
Other Staff,2048.1,2019,actual-acfr,acfr-fy2025,143,Sch 15,acfr-statistical
School Level Administration,165.5,2019,actual-acfr,acfr-fy2020,136,Sch 15,acfr-statistical
School Level Administration,165.5,2019,actual-acfr,acfr-fy2025,143,Sch 15,acfr-statistical
Teachers,2697.3,2019,actual-acfr,acfr-fy2020,136,Sch 15,acfr-statistical
Teachers,2697.3,2019,actual-acfr,acfr-fy2025,143,Sch 15,acfr-statistical
Total FTE,5574.0,2019,actual-acfr,acfr-fy2020,136,Sch 15,acfr-statistical
Total FTE,5574.0,2019,actual-acfr,acfr-fy2025,143,Sch 15,acfr-statistical
1000 - Instruction (all funds),3439.77,2019-20,adopted,budget-fy2019-20-book,74,"Budget FTE column, Summary of Requirements by Major Program - All Funds",fy2019-20
1000 - Instruction (General Fund),3044.91,2019-20,adopted,budget-fy2019-20-book,83,"Budget FTE column, GF requirements by major program",fy2019-20
2000 - Support Services (all funds),2222.51,2019-20,adopted,budget-fy2019-20-book,74,,fy2019-20
2000 - Support Services (General Fund),2043.46,2019-20,adopted,budget-fy2019-20-book,83,,fy2019-20
3000 - Enterprise and Community Svcs (all funds),241.05,2019-20,adopted,budget-fy2019-20-book,74,,fy2019-20
3000 - Enterprise and Community Svcs (General Fund),13.38,2019-20,adopted,budget-fy2019-20-book,83,,fy2019-20
4000 - Facilities Acquisition and Construction (all funds),27.00,2019-20,adopted,budget-fy2019-20-book,74,,fy2019-20
All Funds - Grand Total (FTE by Major Function and Employee Type),5990.77,2019-20,actual-budgetary,budget-fy2023-24-vol1,220,column headed '2020 Actual',fy2023-24
All Funds: 1000 Instruction,3439.77,2019-20,revised,budget-fy2020-21-vol1,109,Budget FTE columns of Summary of Requirements by Major Function - All Funds,fy2020-21
All Funds: 2000 Support Services,2222.51,2019-20,revised,budget-fy2020-21-vol1,109,,fy2020-21
All Funds: 3000 Enterprise And Community Svcs,241.05,2019-20,revised,budget-fy2020-21-vol1,109,,fy2020-21
All Funds: 4000 Facilities Acquisition And Con,27.0,2019-20,revised,budget-fy2020-21-vol1,109,,fy2020-21
All Funds: TOTAL,5930.33,2019-20,revised,budget-fy2020-21-vol1,109,,fy2020-21
District grand total (all employee types),5930.33,2019-20,adopted,budget-fy2019-20-book,185,column '2020 Budget',fy2019-20
District Grand Total (FTE by Major Function and Employee Type),5990.77,2019-20,actual-budgetary,budget-fy2021-22-vol1,290,printed as 2020 Actual,fy2021-22
District Grand Total (FTE by Major Function and Employee Type),5990.77,2019-20,actual-budgetary,budget-fy2022-23-vol1,282,column headed '2020 Actual',fy2022-23
Employee type - Administrators (all funds),301.21,2019-20,adopted,budget-fy2019-20-book,183,"2019-20 Budgeted Positions, by employee type not function",fy2019-20
Employee type - Classified Represented (all funds),1838.55,2019-20,adopted,budget-fy2019-20-book,183,,fy2019-20
Employee type - Licensed Staff (all funds),3397.19,2019-20,adopted,budget-fy2019-20-book,183,,fy2019-20
Employee type - Non-Represented Staff (all funds),393.38,2019-20,adopted,budget-fy2019-20-book,183,,fy2019-20
Fund total - Capital Projects Funds (400),29.00,2019-20,adopted,budget-fy2019-20-book,135,fund-level FTE (27.00 in function 4000 + 2.00 in 2000 per p74),fy2019-20
Fund total - Internal Service Funds (600),2.28,2019-20,adopted,budget-fy2019-20-book,163,"fund-level FTE, not a function",fy2019-20
Fund total - Special Revenue Funds (200),797.30,2019-20,adopted,budget-fy2019-20-book,95,"fund-level FTE, not a function",fy2019-20
General Fund: 1000 Instruction,3044.91,2019-20,revised,budget-fy2020-21-vol1,118,Budget FTE columns of Summary of Requirements by Major Function - General Funds,fy2020-21
General Fund: 2000 Support Services,2043.46,2019-20,revised,budget-fy2020-21-vol1,118,Budget FTE columns of Summary of Requirements by Major Function - General Funds,fy2020-21
General Fund: 3000 Enterprise And Community Svcs,13.38,2019-20,revised,budget-fy2020-21-vol1,118,Budget FTE columns of Summary of Requirements by Major Function - General Funds,fy2020-21
General Fund: TOTAL,5101.75,2019-20,revised,budget-fy2020-21-vol1,118,Budget FTE columns of Summary of Requirements by Major Function - General Funds,fy2020-21
Grand Total all staff (all funds),5930.33,2019-20,adopted,budget-fy2019-20-book,183,,fy2019-20
Total - all functions (district FTE),5991,2019-20,actual-budgetary,tscc-review-fy2024,3,PPS,tscc
Total (all funds),5930.33,2019-20,adopted,budget-fy2019-20-book,74,,fy2019-20
Total (General Fund),5101.75,2019-20,adopted,budget-fy2019-20-book,83,,fy2019-20
District Level Administration,4.0,2020,actual-acfr,acfr-fy2020,136,Sch 15,acfr-statistical
District Level Administration,4.0,2020,actual-acfr,acfr-fy2025,143,Sch 15,acfr-statistical
Educational Assistants,688.5,2020,actual-acfr,acfr-fy2020,136,Sch 15,acfr-statistical
Educational Assistants,688.5,2020,actual-acfr,acfr-fy2025,143,Sch 15,acfr-statistical
Other Staff,2234.4,2020,actual-acfr,acfr-fy2020,136,Sch 15,acfr-statistical
Other Staff,2234.4,2020,actual-acfr,acfr-fy2025,143,Sch 15,acfr-statistical
School Level Administration,172.5,2020,actual-acfr,acfr-fy2020,136,Sch 15,acfr-statistical
School Level Administration,172.5,2020,actual-acfr,acfr-fy2025,143,Sch 15,acfr-statistical
Teachers,2709.3,2020,actual-acfr,acfr-fy2020,136,Sch 15,acfr-statistical
Teachers,2709.3,2020,actual-acfr,acfr-fy2025,143,Sch 15,acfr-statistical
Total FTE,5808.7,2020,actual-acfr,acfr-fy2020,136,Sch 15,acfr-statistical
Total FTE,5808.7,2020,actual-acfr,acfr-fy2025,143,Sch 15,acfr-statistical
All Funds - 1000 Instruction,3488.04,2020-21,revised,budget-fy2021-22-vol1,143,Budget FTE columns of Summary of Requirements by Major Function - All Funds,fy2021-22
All Funds - 2000 Support Services,2398.41,2020-21,revised,budget-fy2021-22-vol1,143,,fy2021-22
All Funds - 3000 Enterprise And Community Svcs,241.42,2020-21,revised,budget-fy2021-22-vol1,143,,fy2021-22
All Funds - 4000 Facilities Acquisition And Con,40.8,2020-21,revised,budget-fy2021-22-vol1,143,,fy2021-22
All Funds - Grand Total (FTE by Major Function and Employee Type),6627.38,2020-21,actual-budgetary,budget-fy2023-24-vol1,220,column headed '2021 Actual',fy2023-24
All Funds - TOTAL,6168.67,2020-21,revised,budget-fy2021-22-vol1,143,,fy2021-22
All Funds - Total,6630.58,2020-21,actual-budgetary,budget-fy2024-25-vol1,222,"FTE by Major Function and Employee Type grand total (Actuals column)",fy2024-25
All Funds: 1000 Instruction,3644.4,2020-21,adopted,budget-fy2020-21-vol1,109,,fy2020-21
All Funds: 2000 Support Services,2425.7,2020-21,adopted,budget-fy2020-21-vol1,109,,fy2020-21
All Funds: 3000 Enterprise And Community Svcs,237.17,2020-21,adopted,budget-fy2020-21-vol1,109,,fy2020-21
All Funds: 4000 Facilities Acquisition And Con,40.8,2020-21,adopted,budget-fy2020-21-vol1,109,,fy2020-21
All Funds: TOTAL,6348.07,2020-21,adopted,budget-fy2020-21-vol1,109,,fy2020-21
District Grand Total (FTE by Major Function and Employee Type),6168.67,2020-21,revised,budget-fy2021-22-vol1,290,printed as 2021 Current,fy2021-22
District Grand Total (FTE by Major Function and Employee Type),6627.38,2020-21,actual-budgetary,budget-fy2022-23-vol1,282,column headed '2021 Actual',fy2022-23
General Fund - 1000 Instruction,3047.75,2020-21,revised,budget-fy2021-22-vol1,152,,fy2021-22
General Fund - 2000 Support Services,2094.57,2020-21,revised,budget-fy2021-22-vol1,152,,fy2021-22
General Fund - 3000 Enterprise And Community Svcs,11.63,2020-21,revised,budget-fy2021-22-vol1,152,,fy2021-22
General Fund - TOTAL,5153.95,2020-21,revised,budget-fy2021-22-vol1,152,,fy2021-22
General Fund: 1000 Instruction,3106.24,2020-21,adopted,budget-fy2020-21-vol1,118,,fy2020-21
General Fund: 2000 Support Services,2145.07,2020-21,adopted,budget-fy2020-21-vol1,118,,fy2020-21
General Fund: 3000 Enterprise And Community Svcs,11.63,2020-21,adopted,budget-fy2020-21-vol1,118,,fy2020-21
General Fund: TOTAL,5262.94,2020-21,adopted,budget-fy2020-21-vol1,118,,fy2020-21
Total - all functions (district FTE),6627,2020-21,actual-budgetary,tscc-review-fy2024,3,PPS,tscc
Total - all functions (district FTE),6627,2020-21,actual-budgetary,tscc-review-fy2025,3,PPS,tscc
District Level Administration,4.0,2021,actual-acfr,acfr-fy2025,143,Sch 15,acfr-statistical
Educational Assistants,640.1,2021,actual-acfr,acfr-fy2025,143,Sch 15,acfr-statistical
Other Staff,2330.2,2021,actual-acfr,acfr-fy2025,143,Sch 15,acfr-statistical
School Level Administration,174.5,2021,actual-acfr,acfr-fy2025,143,Sch 15,acfr-statistical
Teachers,2749.2,2021,actual-acfr,acfr-fy2025,143,Sch 15,acfr-statistical
Total FTE,5898.0,2021,actual-acfr,acfr-fy2025,143,Sch 15,acfr-statistical
All Funds - 1000 Instruction,3479.27,2021-22,adopted,budget-fy2021-22-vol1,143,,fy2021-22
All Funds - 1000 Instruction,3479.27,2021-22,adopted,budget-fy2022-23-vol1,141,"Budget FTE columns of Summary of Requirements by Major Function - All Funds; 2021-22 column printed as 'Budget FTE', recorded as adopted",fy2022-23
All Funds - 2000 Support Services,2488.88,2021-22,adopted,budget-fy2021-22-vol1,143,,fy2021-22
All Funds - 2000 Support Services,2488.88,2021-22,adopted,budget-fy2022-23-vol1,141,,fy2022-23
All Funds - 3000 Enterprise And Community Svcs,204.00,2021-22,adopted,budget-fy2022-23-vol1,141,,fy2022-23
All Funds - 3000 Enterprise And Community Svcs,242.25,2021-22,adopted,budget-fy2021-22-vol1,143,,fy2021-22
All Funds - 4000 Facilities Acquisition And Con,39.55,2021-22,adopted,budget-fy2021-22-vol1,143,,fy2021-22
All Funds - 4000 Facilities Acquisition And Con,39.55,2021-22,adopted,budget-fy2022-23-vol1,141,,fy2022-23
All Funds - Grand Total (FTE by Major Function and Employee Type),6211.7,2021-22,actual-budgetary,budget-fy2023-24-vol1,220,column headed '2022 Actual',fy2023-24
All Funds - TOTAL,6211.70,2021-22,adopted,budget-fy2022-23-vol1,141,,fy2022-23
All Funds - TOTAL,6249.95,2021-22,adopted,budget-fy2021-22-vol1,143,,fy2021-22
All Funds - Total,6274.09,2021-22,actual-budgetary,budget-fy2024-25-vol1,222,,fy2024-25
District Grand Total (FTE by Major Function and Employee Type),6211.70,2021-22,adopted,budget-fy2022-23-vol1,282,column headed '2022 Adopted',fy2022-23
District Grand Total (FTE by Major Function and Employee Type),6249.95,2021-22,adopted,budget-fy2021-22-vol1,290,printed as 2022 Adopted,fy2021-22
General Fund - 1000 Instruction,2966.61,2021-22,adopted,budget-fy2021-22-vol1,152,,fy2021-22
General Fund - 1000 Instruction,2966.62,2021-22,adopted,budget-fy2022-23-vol1,150,Budget FTE columns of GF requirements-by-function table,fy2022-23
General Fund - 2000 Support Services,2157.26,2021-22,adopted,budget-fy2021-22-vol1,152,,fy2021-22
General Fund - 2000 Support Services,2157.26,2021-22,adopted,budget-fy2022-23-vol1,150,,fy2022-23
General Fund - 3000 Enterprise And Community Svcs,11.88,2021-22,adopted,budget-fy2021-22-vol1,152,,fy2021-22
General Fund - 3000 Enterprise And Community Svcs,11.88,2021-22,adopted,budget-fy2022-23-vol1,150,,fy2022-23
General Fund - TOTAL,5135.75,2021-22,adopted,budget-fy2021-22-vol1,152,,fy2021-22
General Fund - TOTAL,5135.76,2021-22,adopted,budget-fy2022-23-vol1,150,requirements-by-object table p151 prints 5135.75 (rounding),fy2022-23
Total - all functions (district FTE),1114,2021-22,actual-budgetary,tscc-annual-report-2024-25-general,28,district: Gresham Barlow SD 10J; countywide Staffing Levels table (FY22-FY25 columns),tscc
Total - all functions (district FTE),12101,2021-22,actual-budgetary,tscc-annual-report-2024-25-general,28,district: Subtotal K-12; countywide Staffing Levels table (FY22-FY25 columns),tscc
Total - all functions (district FTE),133,2021-22,actual-budgetary,tscc-annual-report-2024-25-general,28,district: Corbett SD 39; countywide Staffing Levels table (FY22-FY25 columns),tscc
Total - all functions (district FTE),1336,2021-22,actual-budgetary,tscc-annual-report-2024-25-general,28,"district: Reynolds SD 7; countywide Staffing Levels table (FY22-FY25 columns); summaries p.90 prints 1,381 for FY24 (vs 1,382 here)",tscc
Total - all functions (district FTE),1493,2021-22,actual-budgetary,tscc-annual-report-2024-25-general,28,district: David Douglas SD 40; countywide Staffing Levels table (FY22-FY25 columns),tscc
Total - all functions (district FTE),355,2021-22,actual-budgetary,tscc-annual-report-2024-25-general,28,district: Parkrose SD 3; countywide Staffing Levels table (FY22-FY25 columns),tscc
Total - all functions (district FTE),6212,2021-22,actual-budgetary,tscc-review-fy2024,3,PPS,tscc
Total - all functions (district FTE),6212,2021-22,actual-budgetary,tscc-review-fy2025,3,"PPS; CONFLICT: 6,274 in FY26 review/annual report",tscc
Total - all functions (district FTE),6274,2021-22,actual-budgetary,tscc-annual-report-2024-25-general,28,district: Portland SD 1J; countywide Staffing Levels table (FY22-FY25 columns),tscc
Total - all functions (district FTE),6274,2021-22,actual-budgetary,tscc-annual-report-2024-25-summaries,83,PPS,tscc
Total - all functions (district FTE),6274,2021-22,actual-budgetary,tscc-review-fy2026,3,"PPS; 'Number of Employees (FTE's)' in General Information table; NOT by function (function-level FTE chart pp.10-11 is image-only, no text extracted); CONFLICT: FY24/FY25 reviews print 6,212 for 2021-22",tscc
Total - all functions (district FTE),641,2021-22,actual-budgetary,tscc-annual-report-2024-25-general,28,district: Multnomah ESD; countywide Staffing Levels table (FY22-FY25 columns); CONFLICT: summaries p.79 prints 712/746/778 for FY22-24 (784 FY25 agrees),tscc
Total - all functions (district FTE),680,2021-22,actual-budgetary,tscc-annual-report-2024-25-general,28,district: Centennial SD 28J; countywide Staffing Levels table (FY22-FY25 columns),tscc
Total - all functions (district FTE),712,2021-22,actual-budgetary,tscc-annual-report-2024-25-summaries,79,district: Multnomah ESD; district General Information page; CONFLICTS with general p.28 for FY22-24 (641/676/710),tscc
Total - all functions (district FTE),75,2021-22,actual-budgetary,tscc-annual-report-2024-25-general,28,district: Riverdale SD 51J; countywide Staffing Levels table (FY22-FY25 columns),tscc
District Level Administration,7.0,2022,actual-acfr,acfr-fy2025,142,Sch 15,acfr-statistical
Educational Assistants,647.5,2022,actual-acfr,acfr-fy2025,142,Sch 15,acfr-statistical
Other Staff,2383.0,2022,actual-acfr,acfr-fy2025,142,Sch 15,acfr-statistical
School Level Administration,184.5,2022,actual-acfr,acfr-fy2025,142,Sch 15,acfr-statistical
Teachers,2720.8,2022,actual-acfr,acfr-fy2025,142,Sch 15,acfr-statistical
Total FTE,5942.8,2022,actual-acfr,acfr-fy2025,142,Sch 15,acfr-statistical
All Funds - 1000 Instruction,3703.25,2022-23,adopted,budget-fy2022-23-vol1,141,,fy2022-23
All Funds - 1000 Instruction,3703.25,2022-23,adopted,budget-fy2023-24-vol1,87,Budget FTE columns of all-funds requirements-by-function table,fy2023-24
All Funds - 2000 Support Services,2536.85,2022-23,adopted,budget-fy2022-23-vol1,141,,fy2022-23
All Funds - 2000 Support Services,2536.85,2022-23,adopted,budget-fy2023-24-vol1,87,,fy2023-24
All Funds - 3000 Enterprise And Community Svcs,240.83,2022-23,adopted,budget-fy2022-23-vol1,141,,fy2022-23
All Funds - 3000 Enterprise And Community Svcs,240.83,2022-23,adopted,budget-fy2023-24-vol1,87,,fy2023-24
All Funds - 4000 Facilities Acquisition And Con,48.8,2022-23,adopted,budget-fy2023-24-vol1,87,,fy2023-24
All Funds - 4000 Facilities Acquisition And Con,48.80,2022-23,adopted,budget-fy2022-23-vol1,141,,fy2022-23
All Funds - Grand Total (FTE by Major Function and Employee Type),6529.74,2022-23,adopted,budget-fy2023-24-vol1,220,column headed '2023 Adopted',fy2023-24
All Funds - Total,6519.66,2022-23,actual-budgetary,budget-fy2024-25-vol1,222,,fy2024-25
All Funds - TOTAL,6529.74,2022-23,adopted,budget-fy2022-23-vol1,141,,fy2022-23
All Funds - TOTAL,6529.74,2022-23,adopted,budget-fy2023-24-vol1,87,,fy2023-24
District Grand Total (FTE by Major Function and Employee Type),6529.74,2022-23,proposed,budget-fy2022-23-vol1,282,column headed '2023 Proposed' but total equals adopted-budget FTE printed on p141,fy2022-23
General Fund - 1000 Instruction,3035.94,2022-23,adopted,budget-fy2022-23-vol1,150,,fy2022-23
General Fund - 1000 Instruction,3035.94,2022-23,adopted,budget-fy2023-24-vol1,95,,fy2023-24
General Fund - 2000 Support Services,2169.42,2022-23,adopted,budget-fy2022-23-vol1,150,,fy2022-23
General Fund - 2000 Support Services,2169.42,2022-23,adopted,budget-fy2023-24-vol1,95,,fy2023-24
General Fund - 3000 Enterprise And Community Svcs,12.88,2022-23,adopted,budget-fy2022-23-vol1,150,,fy2022-23
General Fund - 3000 Enterprise And Community Svcs,12.88,2022-23,adopted,budget-fy2023-24-vol1,95,,fy2023-24
General Fund - TOTAL,5218.23,2022-23,adopted,budget-fy2023-24-vol1,95,,fy2023-24
General Fund - TOTAL,5218.24,2022-23,adopted,budget-fy2022-23-vol1,150,,fy2022-23
Total - all functions (district FTE),107,2022-23,actual-budgetary,tscc-annual-report-2024-25-general,28,district: Corbett SD 39; countywide Staffing Levels table (FY22-FY25 columns),tscc
Total - all functions (district FTE),1126,2022-23,actual-budgetary,tscc-annual-report-2024-25-general,28,district: Gresham Barlow SD 10J; countywide Staffing Levels table (FY22-FY25 columns),tscc
Total - all functions (district FTE),12408,2022-23,actual-budgetary,tscc-annual-report-2024-25-general,28,district: Subtotal K-12; countywide Staffing Levels table (FY22-FY25 columns),tscc
Total - all functions (district FTE),1336,2022-23,actual-budgetary,tscc-annual-report-2024-25-general,28,district: Reynolds SD 7; countywide Staffing Levels table (FY22-FY25 columns),tscc
Total - all functions (district FTE),1518,2022-23,actual-budgetary,tscc-annual-report-2024-25-general,28,district: David Douglas SD 40; countywide Staffing Levels table (FY22-FY25 columns),tscc
Total - all functions (district FTE),339,2022-23,actual-budgetary,tscc-annual-report-2024-25-general,28,district: Parkrose SD 3; countywide Staffing Levels table (FY22-FY25 columns),tscc
Total - all functions (district FTE),6520,2022-23,actual-budgetary,tscc-annual-report-2024-25-general,28,district: Portland SD 1J; countywide Staffing Levels table (FY22-FY25 columns),tscc
Total - all functions (district FTE),6520,2022-23,actual-budgetary,tscc-annual-report-2024-25-summaries,83,PPS,tscc
Total - all functions (district FTE),6520,2022-23,actual-budgetary,tscc-review-fy2026,3,"PPS; CONFLICT: FY24/FY25 reviews print 6,530",tscc
Total - all functions (district FTE),6530,2022-23,actual-budgetary,tscc-review-fy2025,3,"PPS; CONFLICT: 6,520 in FY26 review/annual report",tscc
Total - all functions (district FTE),6530,2022-23,revised,tscc-review-fy2024,3,PPS; then-current year,tscc
Total - all functions (district FTE),676,2022-23,actual-budgetary,tscc-annual-report-2024-25-general,28,district: Multnomah ESD; countywide Staffing Levels table (FY22-FY25 columns),tscc
Total - all functions (district FTE),712,2022-23,actual-budgetary,tscc-annual-report-2024-25-general,28,district: Centennial SD 28J; countywide Staffing Levels table (FY22-FY25 columns),tscc
Total - all functions (district FTE),74,2022-23,actual-budgetary,tscc-annual-report-2024-25-general,28,district: Riverdale SD 51J; countywide Staffing Levels table (FY22-FY25 columns),tscc
Total - all functions (district FTE),746,2022-23,actual-budgetary,tscc-annual-report-2024-25-summaries,79,district: Multnomah ESD; district General Information page; CONFLICTS with general p.28 for FY22-24 (641/676/710),tscc
District Level Administration,4.0,2023,actual-acfr,acfr-fy2025,142,Sch 15,acfr-statistical
Educational Assistants,675.9,2023,actual-acfr,acfr-fy2025,142,Sch 15,acfr-statistical
Other Staff,2595.8,2023,actual-acfr,acfr-fy2025,142,Sch 15,acfr-statistical
School Level Administration,179.0,2023,actual-acfr,acfr-fy2025,142,Sch 15,acfr-statistical
Teachers,2685.6,2023,actual-acfr,acfr-fy2025,142,Sch 15,acfr-statistical
Total FTE,6140.3,2023,actual-acfr,acfr-fy2025,142,Sch 15,acfr-statistical
All Funds - 1000 Instruction,3445.61,2023-24,adopted,budget-fy2023-24-vol1,87,,fy2023-24
All Funds - 1000 Instruction,3445.61,2023-24,adopted,budget-fy2024-25-vol1,92,"Budget FTE column of Summary of Requirements by Major Function - All Funds; 2023-24 columns are from the 2023-24 Adopted Budget (p78)",fy2024-25
All Funds - 2000 Support Services,2511.98,2023-24,adopted,budget-fy2023-24-vol1,87,,fy2023-24
All Funds - 2000 Support Services,2511.98,2023-24,adopted,budget-fy2024-25-vol1,92,,fy2024-25
All Funds - 3000 Enterprise and Community Services,238.87,2023-24,adopted,budget-fy2024-25-vol1,92,,fy2024-25
All Funds - 3000 Enterprise And Community Svcs,238.87,2023-24,adopted,budget-fy2023-24-vol1,87,,fy2023-24
All Funds - 4000 Facilities Acquisition And Con,50.0,2023-24,adopted,budget-fy2023-24-vol1,87,,fy2023-24
All Funds - 4000 Facilities Acquisition and Construction,50.00,2023-24,adopted,budget-fy2024-25-vol1,92,,fy2024-25
All Funds - Employee Type: 111 Licensed Salaries,3493.29,2023-24,adopted,budget-fy2024-25-vol1,93,"Budget FTE column of Summary of Requirements by Major Object - All Funds",fy2024-25
All Funds - Employee Type: 1121 Classified - Represented,1928.71,2023-24,adopted,budget-fy2024-25-vol1,93,,fy2024-25
All Funds - Employee Type: 1122 Non-Represented Staff,546.97,2023-24,adopted,budget-fy2024-25-vol1,93,,fy2024-25
All Funds - Employee Type: 113 Administrators,277.50,2023-24,adopted,budget-fy2024-25-vol1,93,,fy2024-25
All Funds - Grand Total (FTE by Major Function and Employee Type),6246.46,2023-24,proposed,budget-fy2023-24-vol1,220,column headed '2024 Proposed'; equals Budget FTE beside Adopted column on p87,fy2023-24
All Funds - TOTAL,6246.46,2023-24,adopted,budget-fy2023-24-vol1,87,,fy2023-24
All Funds - Total,6246.46,2023-24,adopted,budget-fy2024-25-vol1,92,"also grand total on p222",fy2024-25
Capital Projects Funds - Total,51.80,2023-24,adopted,budget-fy2024-25-vol1,156,,fy2024-25
General Fund - 1000 Instruction,2886.28,2023-24,adopted,budget-fy2023-24-vol1,95,,fy2023-24
General Fund - 1000 Instruction,2886.28,2023-24,adopted,budget-fy2024-25-vol1,100,"Budget FTE column of Summary of Requirements by Major Function - General Funds",fy2024-25
General Fund - 2000 Support Services,2139.72,2023-24,adopted,budget-fy2023-24-vol1,95,,fy2023-24
General Fund - 2000 Support Services,2139.72,2023-24,adopted,budget-fy2024-25-vol1,100,,fy2024-25
General Fund - 3000 Enterprise and Community Services,17.55,2023-24,adopted,budget-fy2024-25-vol1,100,,fy2024-25
General Fund - 3000 Enterprise And Community Svcs,17.55,2023-24,adopted,budget-fy2023-24-vol1,95,,fy2023-24
General Fund - TOTAL,5043.55,2023-24,adopted,budget-fy2023-24-vol1,95,,fy2023-24
General Fund - Total,5043.55,2023-24,adopted,budget-fy2024-25-vol1,100,,fy2024-25
Internal Service Funds - Total,2.28,2023-24,adopted,budget-fy2024-25-vol1,192,,fy2024-25
Special Revenue Funds - Total,1148.84,2023-24,adopted,budget-fy2024-25-vol1,113,"Budget FTE column of fund 200 requirements summary",fy2024-25
Total - all functions (district FTE),1121,2023-24,actual-budgetary,tscc-annual-report-2024-25-general,28,district: Gresham Barlow SD 10J; countywide Staffing Levels table (FY22-FY25 columns),tscc
Total - all functions (district FTE),113,2023-24,actual-budgetary,tscc-annual-report-2024-25-general,28,district: Corbett SD 39; countywide Staffing Levels table (FY22-FY25 columns),tscc
Total - all functions (district FTE),12316,2023-24,actual-budgetary,tscc-annual-report-2024-25-general,28,district: Subtotal K-12; countywide Staffing Levels table (FY22-FY25 columns),tscc
Total - all functions (district FTE),1382,2023-24,actual-budgetary,tscc-annual-report-2024-25-general,28,district: Reynolds SD 7; countywide Staffing Levels table (FY22-FY25 columns),tscc
Total - all functions (district FTE),1610,2023-24,actual-budgetary,tscc-annual-report-2024-25-general,28,district: David Douglas SD 40; countywide Staffing Levels table (FY22-FY25 columns),tscc
Total - all functions (district FTE),357,2023-24,actual-budgetary,tscc-annual-report-2024-25-general,28,district: Parkrose SD 3; countywide Staffing Levels table (FY22-FY25 columns),tscc
Total - all functions (district FTE),6247,2023-24,actual-budgetary,tscc-annual-report-2024-25-general,28,district: Portland SD 1J; countywide Staffing Levels table (FY22-FY25 columns),tscc
Total - all functions (district FTE),6247,2023-24,actual-budgetary,tscc-annual-report-2024-25-summaries,83,PPS,tscc
Total - all functions (district FTE),6247,2023-24,actual-budgetary,tscc-review-fy2026,3,PPS,tscc
Total - all functions (district FTE),6247,2023-24,revised,tscc-review-fy2025,3,PPS; then-current year,tscc
Total - all functions (district FTE),70,2023-24,actual-budgetary,tscc-annual-report-2024-25-general,28,district: Riverdale SD 51J; countywide Staffing Levels table (FY22-FY25 columns),tscc
Total - all functions (district FTE),706,2023-24,actual-budgetary,tscc-annual-report-2024-25-general,28,district: Centennial SD 28J; countywide Staffing Levels table (FY22-FY25 columns),tscc
Total - all functions (district FTE),710,2023-24,actual-budgetary,tscc-annual-report-2024-25-general,28,district: Multnomah ESD; countywide Staffing Levels table (FY22-FY25 columns),tscc
Total - all functions (district FTE),778,2023-24,actual-budgetary,tscc-annual-report-2024-25-summaries,79,district: Multnomah ESD; district General Information page; CONFLICTS with general p.28 for FY22-24 (641/676/710),tscc
District Level Administration,4.0,2024,actual-acfr,acfr-fy2025,142,Sch 15,acfr-statistical
Educational Assistants,693.0,2024,actual-acfr,acfr-fy2025,142,Sch 15,acfr-statistical
Other Staff,2628.4,2024,actual-acfr,acfr-fy2025,142,Sch 15,acfr-statistical
School Level Administration,169.5,2024,actual-acfr,acfr-fy2025,142,Sch 15,acfr-statistical
Teachers,2650.9,2024,actual-acfr,acfr-fy2025,142,Sch 15,acfr-statistical
Total FTE,6145.8,2024,actual-acfr,acfr-fy2025,142,Sch 15,acfr-statistical
All Funds - 1000 Instruction,3370.72,2024-25,adopted,budget-fy2024-25-vol1,92,,fy2024-25
All Funds - 1000 Instruction,3370.72,2024-25,revised,budget-fy2025-26-vol1,90,Budget FTE columns only (no FTE printed for actual years); column header 'Budget 2024-25' (current-year budget as shown in FY2025-26 adopted book),fy2025-26
All Funds - 111 Licensed Salaries,3410.58,2024-25,revised,budget-fy2025-26-vol1,91,by-object employee-class FTE,fy2025-26
All Funds - 1121 Classified Represented,1818.49,2024-25,revised,budget-fy2025-26-vol1,91,,fy2025-26
All Funds - 1122 Non-Represented Staff,517.38,2024-25,revised,budget-fy2025-26-vol1,91,,fy2025-26
All Funds - 113 Administrators,271.65,2024-25,revised,budget-fy2025-26-vol1,91,,fy2025-26
All Funds - 2000 Support Services,2373.60,2024-25,adopted,budget-fy2024-25-vol1,92,,fy2024-25
All Funds - 2000 Support Services,2373.60,2024-25,revised,budget-fy2025-26-vol1,90,,fy2025-26
All Funds - 3000 Enterprise and Community Services,230.27,2024-25,adopted,budget-fy2024-25-vol1,92,,fy2024-25
All Funds - 3000 Enterprise and Community Svcs,230.27,2024-25,revised,budget-fy2025-26-vol1,90,,fy2025-26
All Funds - 4000 Facilities Acquisition and Construction,43.50,2024-25,adopted,budget-fy2024-25-vol1,92,,fy2024-25
All Funds - 4000 Facilities Acquisition and Construction,43.50,2024-25,revised,budget-fy2025-26-vol1,90,,fy2025-26
All Funds - Employee Type: 111 Licensed Salaries,3410.58,2024-25,adopted,budget-fy2024-25-vol1,93,,fy2024-25
All Funds - Employee Type: 1121 Classified - Represented,1818.49,2024-25,adopted,budget-fy2024-25-vol1,93,,fy2024-25
All Funds - Employee Type: 1122 Non-Represented Staff,517.38,2024-25,adopted,budget-fy2024-25-vol1,93,,fy2024-25
All Funds - Employee Type: 113 Administrators,271.65,2024-25,adopted,budget-fy2024-25-vol1,93,,fy2024-25
All Funds - Total,6018.09,2024-25,adopted,budget-fy2024-25-vol1,92,"also grand total on p222",fy2024-25
All Funds - Total,6018.09,2024-25,revised,budget-fy2025-26-vol1,90,,fy2025-26
Capital Projects Funds - Total,46.30,2024-25,adopted,budget-fy2024-25-vol1,156,,fy2024-25
General Fund - 1000 Instruction,2868.48,2024-25,adopted,budget-fy2024-25-vol1,100,,fy2024-25
General Fund - 1000 Instruction,2868.48,2024-25,revised,budget-fy2025-26-vol1,99,,fy2025-26
General Fund - 111 Licensed Salaries,2945.09,2024-25,revised,budget-fy2025-26-vol1,100,,fy2025-26
General Fund - 1121 Classified Represented,1328.73,2024-25,revised,budget-fy2025-26-vol1,100,,fy2025-26
General Fund - 1122 Non-Represented Staff,389.67,2024-25,revised,budget-fy2025-26-vol1,100,,fy2025-26
General Fund - 113 Administrators,248.12,2024-25,revised,budget-fy2025-26-vol1,100,,fy2025-26
General Fund - 2000 Support Services,2024.97,2024-25,adopted,budget-fy2024-25-vol1,100,,fy2024-25
General Fund - 2000 Support Services,2024.97,2024-25,revised,budget-fy2025-26-vol1,99,,fy2025-26
General Fund - 3000 Enterprise and Community Services,18.15,2024-25,adopted,budget-fy2024-25-vol1,100,,fy2024-25
General Fund - 3000 Enterprise and Community Svcs,18.15,2024-25,revised,budget-fy2025-26-vol1,99,,fy2025-26
General Fund - Total,4911.60,2024-25,adopted,budget-fy2024-25-vol1,100,,fy2024-25
General Fund - Total,4911.60,2024-25,revised,budget-fy2025-26-vol1,99,,fy2025-26
Internal Service Funds - Total,4.00,2024-25,adopted,budget-fy2024-25-vol1,192,,fy2024-25
Special Revenue Funds - Total,1056.19,2024-25,adopted,budget-fy2024-25-vol1,113,,fy2024-25
Total - all functions (district FTE),1083,2024-25,adopted,tscc-annual-report-2024-25-general,28,district: Gresham Barlow SD 10J; countywide Staffing Levels table (FY22-FY25 columns); FY25 = budgeted positions,tscc
Total - all functions (district FTE),12056,2024-25,adopted,tscc-annual-report-2024-25-general,28,district: Subtotal K-12; countywide Staffing Levels table (FY22-FY25 columns); FY25 = budgeted positions,tscc
Total - all functions (district FTE),124,2024-25,adopted,tscc-annual-report-2024-25-general,28,district: Corbett SD 39; countywide Staffing Levels table (FY22-FY25 columns); FY25 = budgeted positions,tscc
Total - all functions (district FTE),1358,2024-25,adopted,tscc-annual-report-2024-25-general,28,district: Reynolds SD 7; countywide Staffing Levels table (FY22-FY25 columns); FY25 = budgeted positions,tscc
Total - all functions (district FTE),1579,2024-25,adopted,tscc-annual-report-2024-25-general,28,district: David Douglas SD 40; countywide Staffing Levels table (FY22-FY25 columns); FY25 = budgeted positions,tscc
Total - all functions (district FTE),361,2024-25,adopted,tscc-annual-report-2024-25-general,28,district: Parkrose SD 3; countywide Staffing Levels table (FY22-FY25 columns); FY25 = budgeted positions,tscc
Total - all functions (district FTE),6018,2024-25,adopted,tscc-annual-report-2024-25-general,28,district: Portland SD 1J; countywide Staffing Levels table (FY22-FY25 columns); FY25 = budgeted positions,tscc
Total - all functions (district FTE),6018,2024-25,adopted,tscc-annual-report-2024-25-summaries,83,PPS; FY24-25 annual report budget year,tscc
Total - all functions (district FTE),6018,2024-25,revised,tscc-review-fy2026,3,"PPS; budgeted positions (narrative p.1: 6,018.09 FTE funded in FY2024-25 budget)",tscc
Total - all functions (district FTE),680,2024-25,adopted,tscc-annual-report-2024-25-general,28,district: Centennial SD 28J; countywide Staffing Levels table (FY22-FY25 columns); FY25 = budgeted positions,tscc
Total - all functions (district FTE),69,2024-25,adopted,tscc-annual-report-2024-25-general,28,district: Riverdale SD 51J; countywide Staffing Levels table (FY22-FY25 columns); FY25 = budgeted positions,tscc
Total - all functions (district FTE),784,2024-25,adopted,tscc-annual-report-2024-25-general,28,district: Multnomah ESD; countywide Staffing Levels table (FY22-FY25 columns); FY25 = budgeted positions,tscc
Total - all functions (district FTE),784,2024-25,adopted,tscc-annual-report-2024-25-summaries,79,district: Multnomah ESD; district General Information page; CONFLICTS with general p.28 for FY22-24 (641/676/710),tscc
District Level Administration,4.0,2025,actual-acfr,acfr-fy2025,142,Sch 15,acfr-statistical
Educational Assistants,677.4,2025,actual-acfr,acfr-fy2025,142,Sch 15,acfr-statistical
Other Staff,2607.5,2025,actual-acfr,acfr-fy2025,142,Sch 15,acfr-statistical
School Level Administration,167.2,2025,actual-acfr,acfr-fy2025,142,Sch 15,acfr-statistical
Teachers,2665.7,2025,actual-acfr,acfr-fy2025,142,"Sch 15; FTE (positions, not dollars); beginning FY2020 SPED staff reclassified from District Level to School Level Administration (Sch 15 note 1)",acfr-statistical
Total FTE,6121.8,2025,actual-acfr,acfr-fy2025,142,Sch 15,acfr-statistical
1000 Instruction - all funds,3260.78,2025-26,adopted,budget-fy2026-27-vol1,92,FTE as printed (not thousands); Budget FTE printed only for the Adopted 2025-26 and Adopted 2026-27 columns of the requirements-by-function tables; all-funds FTE down 322.3 from 2025-26 per narrative; granular FTE by function and employee type (5 years) at printed pp.228-229 (txt pp.235-236) is partially garbled in the text layer and was not extracted,fy2026-27
1000 Instruction - Fund 100 General Fund,2817.71,2025-26,adopted,budget-fy2026-27-vol1,109,,fy2026-27
1000 Instruction - Fund 200 Special Revenue,443.07,2025-26,adopted,budget-fy2026-27-vol1,122,,fy2026-27
2000 Support Services - all funds,2294.91,2025-26,adopted,budget-fy2026-27-vol1,92,,fy2026-27
2000 Support Services - Fund 100 General Fund,1982.05,2025-26,adopted,budget-fy2026-27-vol1,109,,fy2026-27
2000 Support Services - Fund 200 Special Revenue,306.06,2025-26,adopted,budget-fy2026-27-vol1,122,,fy2026-27
3000 Enterprise and Community Services - all funds,233.53,2025-26,adopted,budget-fy2026-27-vol1,92,,fy2026-27
3000 Enterprise and Community Services - Fund 100 General Fund,17.75,2025-26,adopted,budget-fy2026-27-vol1,109,,fy2026-27
3000 Enterprise and Community Services - Fund 200 Special Revenue,215.78,2025-26,adopted,budget-fy2026-27-vol1,122,,fy2026-27
4000 Facilities Acquisition and Construction - all funds,46.25,2025-26,adopted,budget-fy2026-27-vol1,92,,fy2026-27
All Funds - 1000 Instruction,3260.78,2025-26,adopted,budget-fy2025-26-vol1,90,,fy2025-26
All Funds - 111 Licensed Salaries,3273.27,2025-26,adopted,budget-fy2025-26-vol1,91,,fy2025-26
All Funds - 1121 Classified Represented,1822.57,2025-26,adopted,budget-fy2025-26-vol1,91,,fy2025-26
All Funds - 1122 Non-Represented Staff,485.98,2025-26,adopted,budget-fy2025-26-vol1,91,,fy2025-26
All Funds - 113 Administrators,253.65,2025-26,adopted,budget-fy2025-26-vol1,91,,fy2025-26
All Funds - 2000 Support Services,2294.91,2025-26,adopted,budget-fy2025-26-vol1,90,,fy2025-26
All Funds - 3000 Enterprise and Community Svcs,233.53,2025-26,adopted,budget-fy2025-26-vol1,90,,fy2025-26
All Funds - 4000 Facilities Acquisition and Construction,46.25,2025-26,adopted,budget-fy2025-26-vol1,90,,fy2025-26
All Funds - Total,5835.46,2025-26,adopted,budget-fy2025-26-vol1,90,net change -182.63 FTE vs 2024-25 (narrative says -182.6),fy2025-26
General Fund - 1000 Instruction,2817.71,2025-26,adopted,budget-fy2025-26-vol1,99,,fy2025-26
General Fund - 111 Licensed Salaries,2840.89,2025-26,adopted,budget-fy2025-26-vol1,100,,fy2025-26
General Fund - 1121 Classified Represented,1375.89,2025-26,adopted,budget-fy2025-26-vol1,100,,fy2025-26
General Fund - 1122 Non-Represented Staff,367.53,2025-26,adopted,budget-fy2025-26-vol1,100,,fy2025-26
General Fund - 113 Administrators,233.20,2025-26,adopted,budget-fy2025-26-vol1,100,,fy2025-26
General Fund - 2000 Support Services,1982.05,2025-26,adopted,budget-fy2025-26-vol1,99,,fy2025-26
General Fund - 3000 Enterprise and Community Svcs,17.75,2025-26,adopted,budget-fy2025-26-vol1,99,,fy2025-26
General Fund - Total,4817.50,2025-26,adopted,budget-fy2025-26-vol1,99,,fy2025-26
Total - all functions (district FTE),5835.46,2025-26,approved,tscc-review-fy2026,1,"PPS; Budget Highlights narrative: positions funded fall from 6,018.09 (FY24-25) to 5,835.46, a 182.63 FTE decrease; ~183 licensed positions cut (p.11)",tscc
Total - all funds,5835.46,2025-26,adopted,budget-fy2026-27-vol1,92,,fy2026-27
Total - Fund 100 General Fund,4817.5,2025-26,adopted,budget-fy2026-27-vol1,109,,fy2026-27
Total - Fund 200 Special Revenue,964.91,2025-26,adopted,budget-fy2026-27-vol1,122,,fy2026-27
1000 Instruction - all funds,3172.11,2026-27,adopted,budget-fy2026-27-vol1,92,,fy2026-27
1000 Instruction - Fund 100 General Fund,2675.93,2026-27,adopted,budget-fy2026-27-vol1,109,,fy2026-27
1000 Instruction - Fund 200 Special Revenue,496.18,2026-27,adopted,budget-fy2026-27-vol1,122,,fy2026-27
2000 Support Services - all funds,2089.9,2026-27,adopted,budget-fy2026-27-vol1,92,,fy2026-27
2000 Support Services - Fund 100 General Fund,1793.16,2026-27,adopted,budget-fy2026-27-vol1,109,,fy2026-27
2000 Support Services - Fund 200 Special Revenue,293.74,2026-27,adopted,budget-fy2026-27-vol1,122,,fy2026-27
3000 Enterprise and Community Services - all funds,222.16,2026-27,adopted,budget-fy2026-27-vol1,92,,fy2026-27
3000 Enterprise and Community Services - Fund 100 General Fund,12.25,2026-27,adopted,budget-fy2026-27-vol1,109,,fy2026-27
3000 Enterprise and Community Services - Fund 200 Special Revenue,209.91,2026-27,adopted,budget-fy2026-27-vol1,122,,fy2026-27
4000 Facilities Acquisition and Construction - all funds,29.0,2026-27,adopted,budget-fy2026-27-vol1,92,,fy2026-27
Total - all funds,5513.16,2026-27,adopted,budget-fy2026-27-vol1,92,,fy2026-27
Total - Fund 100 General Fund,4481.34,2026-27,adopted,budget-fy2026-27-vol1,109,,fy2026-27
Total - Fund 200 Special Revenue,999.82,2026-27,adopted,budget-fy2026-27-vol1,122,,fy2026-27
