fund_name,resources_k,requirements_k,fy,basis,doc_id,page,notes
General Fund (100),660592,660592,2018-19,actual-budgetary,budget-fy2022-23-vol1,149,"native unit thousands of dollars in source; 2021-22 column printed as 'Budget', recorded as adopted; requirements from PDF p150 of same doc; requirements-by-object table p151 prints 2019-20 total 709091 (rounding)"
General Fund (100),709092,709092,2019-20,actual-budgetary,budget-fy2022-23-vol1,149,
General Fund (100),744589,744589,2020-21,actual-budgetary,budget-fy2022-23-vol1,149,
General Fund (100),771963,771963,2021-22,adopted,budget-fy2022-23-vol1,149,
General Fund (100),794585,794585,2022-23,proposed,budget-fy2022-23-vol1,149,
General Fund (100),804062,804062,2022-23,approved,budget-fy2022-23-vol1,149,
General Fund (100),804062,804062,2022-23,adopted,budget-fy2022-23-vol1,149,
Student Body Activity Fund (201),11560,11560,2018-19,actual-budgetary,budget-fy2022-23-vol1,166,
Student Body Activity Fund (201),9882,9882,2019-20,actual-budgetary,budget-fy2022-23-vol1,166,
Student Body Activity Fund (201),6167,6167,2020-21,actual-budgetary,budget-fy2022-23-vol1,166,
Student Body Activity Fund (201),13000,13000,2021-22,adopted,budget-fy2022-23-vol1,166,
Student Body Activity Fund (201),12500,12500,2022-23,proposed,budget-fy2022-23-vol1,166,
Student Body Activity Fund (201),12500,12500,2022-23,approved,budget-fy2022-23-vol1,166,
Student Body Activity Fund (201),12500,12500,2022-23,adopted,budget-fy2022-23-vol1,166,
Cafeteria Fund (202),22244,22244,2018-19,actual-budgetary,budget-fy2022-23-vol1,169,
Cafeteria Fund (202),19764,19764,2019-20,actual-budgetary,budget-fy2022-23-vol1,169,
Cafeteria Fund (202),18433,18433,2020-21,actual-budgetary,budget-fy2022-23-vol1,169,
Cafeteria Fund (202),16368,16368,2021-22,adopted,budget-fy2022-23-vol1,169,
Cafeteria Fund (202),23363,23363,2022-23,proposed,budget-fy2022-23-vol1,169,
Cafeteria Fund (202),23363,23363,2022-23,approved,budget-fy2022-23-vol1,169,
Cafeteria Fund (202),23363,23363,2022-23,adopted,budget-fy2022-23-vol1,169,
Grants Fund (205),66649,66649,2018-19,actual-budgetary,budget-fy2022-23-vol1,173,requirements from PDF p174 of same doc; includes ESSER and High School Success / Measure 98 (pre-FY2025-26 sub-fund split)
Grants Fund (205),70494,70494,2019-20,actual-budgetary,budget-fy2022-23-vol1,173,
Grants Fund (205),81194,81194,2020-21,actual-budgetary,budget-fy2022-23-vol1,173,
Grants Fund (205),201081,201081,2021-22,adopted,budget-fy2022-23-vol1,173,
Grants Fund (205),190824,190824,2022-23,proposed,budget-fy2022-23-vol1,173,
Grants Fund (205),196624,196624,2022-23,approved,budget-fy2022-23-vol1,173,
Grants Fund (205),196624,196624,2022-23,adopted,budget-fy2022-23-vol1,173,
PERS Rate Stabilization Reserve Fund (225),17954,17954,2018-19,actual-budgetary,budget-fy2022-23-vol1,184,
PERS Rate Stabilization Reserve Fund (225),18666,18666,2019-20,actual-budgetary,budget-fy2022-23-vol1,184,
PERS Rate Stabilization Reserve Fund (225),19056,19056,2020-21,actual-budgetary,budget-fy2022-23-vol1,184,
PERS Rate Stabilization Reserve Fund (225),19355,19355,2021-22,adopted,budget-fy2022-23-vol1,184,
PERS Rate Stabilization Reserve Fund (225),19793,19793,2022-23,proposed,budget-fy2022-23-vol1,184,
PERS Rate Stabilization Reserve Fund (225),19793,19793,2022-23,approved,budget-fy2022-23-vol1,184,
PERS Rate Stabilization Reserve Fund (225),19793,19793,2022-23,adopted,budget-fy2022-23-vol1,184,
Student Investment Account Fund (251),11572,11572,2020-21,actual-budgetary,budget-fy2022-23-vol1,187,fund first active in 2020-21 (SIA/HB3427)
Student Investment Account Fund (251),31526,31526,2021-22,adopted,budget-fy2022-23-vol1,187,
Student Investment Account Fund (251),38000,38000,2022-23,proposed,budget-fy2022-23-vol1,187,
Student Investment Account Fund (251),38000,38000,2022-23,approved,budget-fy2022-23-vol1,187,
Student Investment Account Fund (251),38000,38000,2022-23,adopted,budget-fy2022-23-vol1,187,
Dedicated Resource Fund (299),18537,18537,2018-19,actual-budgetary,budget-fy2022-23-vol1,191,requirements from PDF p192 of same doc
Dedicated Resource Fund (299),18445,18445,2019-20,actual-budgetary,budget-fy2022-23-vol1,191,
Dedicated Resource Fund (299),19508,19508,2020-21,actual-budgetary,budget-fy2022-23-vol1,191,
Dedicated Resource Fund (299),21831,21831,2021-22,adopted,budget-fy2022-23-vol1,191,
Dedicated Resource Fund (299),20999,20999,2022-23,proposed,budget-fy2022-23-vol1,191,
Dedicated Resource Fund (299),20999,20999,2022-23,approved,budget-fy2022-23-vol1,191,
Dedicated Resource Fund (299),20999,20999,2022-23,adopted,budget-fy2022-23-vol1,191,
Special Revenue Funds (200) [group total],136944,136944,2018-19,actual-budgetary,budget-fy2022-23-vol1,162,requirements from PDF p163 of same doc
Special Revenue Funds (200) [group total],137252,137252,2019-20,actual-budgetary,budget-fy2022-23-vol1,162,
Special Revenue Funds (200) [group total],155931,155931,2020-21,actual-budgetary,budget-fy2022-23-vol1,162,
Special Revenue Funds (200) [group total],303161,303161,2021-22,adopted,budget-fy2022-23-vol1,162,
Special Revenue Funds (200) [group total],305478,305478,2022-23,proposed,budget-fy2022-23-vol1,162,
Special Revenue Funds (200) [group total],311278,311278,2022-23,approved,budget-fy2022-23-vol1,162,
Special Revenue Funds (200) [group total],311278,311278,2022-23,adopted,budget-fy2022-23-vol1,162,
IT Projects Debt Service Fund (307),2708,2708,2018-19,actual-budgetary,budget-fy2022-23-vol1,208,no activity after 2018-19
PERS UAL Debt Service Fund (308),49085,49085,2018-19,actual-budgetary,budget-fy2022-23-vol1,211,
PERS UAL Debt Service Fund (308),52114,52114,2019-20,actual-budgetary,budget-fy2022-23-vol1,211,
PERS UAL Debt Service Fund (308),55604,55604,2020-21,actual-budgetary,budget-fy2022-23-vol1,211,
PERS UAL Debt Service Fund (308),58079,58079,2021-22,adopted,budget-fy2022-23-vol1,211,
PERS UAL Debt Service Fund (308),81228,81228,2022-23,proposed,budget-fy2022-23-vol1,211,
PERS UAL Debt Service Fund (308),81803,81803,2022-23,approved,budget-fy2022-23-vol1,211,
PERS UAL Debt Service Fund (308),81803,81803,2022-23,adopted,budget-fy2022-23-vol1,211,
Full Faith and Credit Debt Service Fund (320),1847,1847,2018-19,actual-budgetary,budget-fy2022-23-vol1,214,
Full Faith and Credit Debt Service Fund (320),1828,1828,2019-20,actual-budgetary,budget-fy2022-23-vol1,214,
Full Faith and Credit Debt Service Fund (320),1803,1803,2020-21,actual-budgetary,budget-fy2022-23-vol1,214,
Full Faith and Credit Debt Service Fund (320),1784,1784,2021-22,adopted,budget-fy2022-23-vol1,214,
Full Faith and Credit Debt Service Fund (320),1244,1244,2022-23,proposed,budget-fy2022-23-vol1,214,
Full Faith and Credit Debt Service Fund (320),1244,1244,2022-23,approved,budget-fy2022-23-vol1,214,
Full Faith and Credit Debt Service Fund (320),1244,1244,2022-23,adopted,budget-fy2022-23-vol1,214,
GO Bonds Debt Service Fund (350),130984,130984,2018-19,actual-budgetary,budget-fy2022-23-vol1,217,adopted reduced 4055 from approved via UEFB amendment (Attachment A p358); TSCC letter p362 flags GO bond tax estimate
GO Bonds Debt Service Fund (350),137615,137615,2019-20,actual-budgetary,budget-fy2022-23-vol1,217,
GO Bonds Debt Service Fund (350),201070,201070,2020-21,actual-budgetary,budget-fy2022-23-vol1,217,
GO Bonds Debt Service Fund (350),151100,151100,2021-22,adopted,budget-fy2022-23-vol1,217,
GO Bonds Debt Service Fund (350),163418,163418,2022-23,proposed,budget-fy2022-23-vol1,217,
GO Bonds Debt Service Fund (350),163418,163418,2022-23,approved,budget-fy2022-23-vol1,217,
GO Bonds Debt Service Fund (350),159363,159363,2022-23,adopted,budget-fy2022-23-vol1,217,
Debt Service Funds (300) [group total],184625,184625,2018-19,actual-budgetary,budget-fy2022-23-vol1,201,requirements from PDF p202 of same doc; 2019-20 resources total prints 191558 vs requirements 191557 (rounding)
Debt Service Funds (300) [group total],191558,191557,2019-20,actual-budgetary,budget-fy2022-23-vol1,201,
Debt Service Funds (300) [group total],258478,258478,2020-21,actual-budgetary,budget-fy2022-23-vol1,201,
Debt Service Funds (300) [group total],210963,210963,2021-22,adopted,budget-fy2022-23-vol1,201,
Debt Service Funds (300) [group total],245890,245890,2022-23,proposed,budget-fy2022-23-vol1,201,
Debt Service Funds (300) [group total],246465,246465,2022-23,approved,budget-fy2022-23-vol1,201,
Debt Service Funds (300) [group total],242410,242410,2022-23,adopted,budget-fy2022-23-vol1,201,
Construction Excise Fund (404),21902,21902,2018-19,actual-budgetary,budget-fy2022-23-vol1,224,2020-21 resources 14679 vs requirements 14678; requirements-by-object p225 prints 21901 for 2018-19 (rounding)
Construction Excise Fund (404),17423,17423,2019-20,actual-budgetary,budget-fy2022-23-vol1,224,
Construction Excise Fund (404),14679,14678,2020-21,actual-budgetary,budget-fy2022-23-vol1,224,
Construction Excise Fund (404),14845,14845,2021-22,adopted,budget-fy2022-23-vol1,224,
Construction Excise Fund (404),17015,17015,2022-23,proposed,budget-fy2022-23-vol1,224,
Construction Excise Fund (404),17765,17765,2022-23,approved,budget-fy2022-23-vol1,224,
Construction Excise Fund (404),17765,17765,2022-23,adopted,budget-fy2022-23-vol1,224,
IT System Project Fund (407),788,788,2018-19,actual-budgetary,budget-fy2022-23-vol1,228,no activity after 2019-20
IT System Project Fund (407),54,54,2019-20,actual-budgetary,budget-fy2022-23-vol1,228,
Full Faith and Credit Fund (420),5822,5821,2018-19,actual-budgetary,budget-fy2022-23-vol1,231,2018-19 resources 5822 vs requirements 5821 (rounding)
Full Faith and Credit Fund (420),4173,4173,2019-20,actual-budgetary,budget-fy2022-23-vol1,231,
Full Faith and Credit Fund (420),1629,1629,2020-21,actual-budgetary,budget-fy2022-23-vol1,231,
Full Faith and Credit Fund (420),644,644,2021-22,adopted,budget-fy2022-23-vol1,231,
Full Faith and Credit Fund (420),453,453,2022-23,proposed,budget-fy2022-23-vol1,231,
Full Faith and Credit Fund (420),237,237,2022-23,approved,budget-fy2022-23-vol1,231,
Full Faith and Credit Fund (420),237,237,2022-23,adopted,budget-fy2022-23-vol1,231,
Energy Efficient Schools Fund (435),3173,3173,2018-19,actual-budgetary,budget-fy2022-23-vol1,234,requirements-by-object prints 3174 for 2018-19 (rounding)
Energy Efficient Schools Fund (435),3372,3372,2019-20,actual-budgetary,budget-fy2022-23-vol1,234,
Energy Efficient Schools Fund (435),3301,3301,2020-21,actual-budgetary,budget-fy2022-23-vol1,234,
Energy Efficient Schools Fund (435),2867,2867,2021-22,adopted,budget-fy2022-23-vol1,234,
Energy Efficient Schools Fund (435),4306,4306,2022-23,proposed,budget-fy2022-23-vol1,234,
Energy Efficient Schools Fund (435),4306,4306,2022-23,approved,budget-fy2022-23-vol1,234,
Energy Efficient Schools Fund (435),4306,4306,2022-23,adopted,budget-fy2022-23-vol1,234,
Facilities Capital Fund (438),7462,7462,2018-19,actual-budgetary,budget-fy2022-23-vol1,237,
Facilities Capital Fund (438),12956,12956,2019-20,actual-budgetary,budget-fy2022-23-vol1,237,
Facilities Capital Fund (438),944,944,2020-21,actual-budgetary,budget-fy2022-23-vol1,237,
Facilities Capital Fund (438),6783,6783,2021-22,adopted,budget-fy2022-23-vol1,237,
Facilities Capital Fund (438),8344,8344,2022-23,proposed,budget-fy2022-23-vol1,237,
Facilities Capital Fund (438),8344,8344,2022-23,approved,budget-fy2022-23-vol1,237,
Facilities Capital Fund (438),8344,8344,2022-23,adopted,budget-fy2022-23-vol1,237,
Capital Asset Renewal Fund (445),5763,5763,2018-19,actual-budgetary,budget-fy2022-23-vol1,240,requirements-by-object p241 prints 17110 for 2019-20 (rounding)
Capital Asset Renewal Fund (445),17111,17111,2019-20,actual-budgetary,budget-fy2022-23-vol1,240,
Capital Asset Renewal Fund (445),14718,14718,2020-21,actual-budgetary,budget-fy2022-23-vol1,240,
Capital Asset Renewal Fund (445),9475,9475,2021-22,adopted,budget-fy2022-23-vol1,240,
Capital Asset Renewal Fund (445),5663,5663,2022-23,proposed,budget-fy2022-23-vol1,240,
Capital Asset Renewal Fund (445),7760,7760,2022-23,approved,budget-fy2022-23-vol1,240,
Capital Asset Renewal Fund (445),7760,7760,2022-23,adopted,budget-fy2022-23-vol1,240,
GO Bonds Fund (450),453748,453748,2018-19,actual-budgetary,budget-fy2022-23-vol1,244,
GO Bonds Fund (450),821097,821097,2019-20,actual-budgetary,budget-fy2022-23-vol1,244,
GO Bonds Fund (450),1031158,1031158,2020-21,actual-budgetary,budget-fy2022-23-vol1,244,
GO Bonds Fund (450),729144,729144,2021-22,adopted,budget-fy2022-23-vol1,244,
GO Bonds Fund (450),478452,478452,2022-23,proposed,budget-fy2022-23-vol1,244,
GO Bonds Fund (450),478452,478452,2022-23,approved,budget-fy2022-23-vol1,244,
GO Bonds Fund (450),478452,478452,2022-23,adopted,budget-fy2022-23-vol1,244,
Partnership Funds (470),318,318,2018-19,actual-budgetary,budget-fy2022-23-vol1,248,no activity after 2019-20
Partnership Funds (470),428,428,2019-20,actual-budgetary,budget-fy2022-23-vol1,248,
Capital Projects Funds (400) [group total],498977,498976,2018-19,actual-budgetary,budget-fy2022-23-vol1,220,requirements from PDF p221 of same doc; 2018-19 resources 498977 vs requirements 498976 (rounding); Attachment A p358 prints adopted fund total 516865
Capital Projects Funds (400) [group total],876613,876613,2019-20,actual-budgetary,budget-fy2022-23-vol1,220,
Capital Projects Funds (400) [group total],1066429,1066429,2020-21,actual-budgetary,budget-fy2022-23-vol1,220,
Capital Projects Funds (400) [group total],763758,763758,2021-22,adopted,budget-fy2022-23-vol1,220,
Capital Projects Funds (400) [group total],514233,514233,2022-23,proposed,budget-fy2022-23-vol1,220,
Capital Projects Funds (400) [group total],516864,516864,2022-23,approved,budget-fy2022-23-vol1,220,
Capital Projects Funds (400) [group total],516864,516864,2022-23,adopted,budget-fy2022-23-vol1,220,
Self Insurance Fund (601),9909,9908,2018-19,actual-budgetary,budget-fy2022-23-vol1,261,resources print 1k higher than requirements in 2018-19 and 2019-20 (rounding)
Self Insurance Fund (601),9067,9066,2019-20,actual-budgetary,budget-fy2022-23-vol1,261,
Self Insurance Fund (601),7673,7673,2020-21,actual-budgetary,budget-fy2022-23-vol1,261,
Self Insurance Fund (601),8565,8565,2021-22,adopted,budget-fy2022-23-vol1,261,
Self Insurance Fund (601),8620,8620,2022-23,proposed,budget-fy2022-23-vol1,261,
Self Insurance Fund (601),8646,8646,2022-23,approved,budget-fy2022-23-vol1,261,
Self Insurance Fund (601),8646,8646,2022-23,adopted,budget-fy2022-23-vol1,261,
Internal Service Funds (600) [group total],9908,9908,2018-19,actual-budgetary,budget-fy2022-23-vol1,257,requirements from PDF p258 of same doc; group summary prints 9908/9066 where Fund 601 detail prints 9909/9067 (rounding)
Internal Service Funds (600) [group total],9066,9066,2019-20,actual-budgetary,budget-fy2022-23-vol1,257,
Internal Service Funds (600) [group total],7673,7673,2020-21,actual-budgetary,budget-fy2022-23-vol1,257,
Internal Service Funds (600) [group total],8565,8565,2021-22,adopted,budget-fy2022-23-vol1,257,
Internal Service Funds (600) [group total],8620,8620,2022-23,proposed,budget-fy2022-23-vol1,257,
Internal Service Funds (600) [group total],8646,8646,2022-23,approved,budget-fy2022-23-vol1,257,
Internal Service Funds (600) [group total],8646,8646,2022-23,adopted,budget-fy2022-23-vol1,257,
TOTAL ALL FUNDS,1491046,1491046,2018-19,actual-budgetary,budget-fy2022-23-vol1,140,"requirements from PDF p141 of same doc; 2020-21 resources total prints 2233098 vs requirements 2233100 (rounding); adopted total per Resolution 6520 p356 = $1,883,261,000"
TOTAL ALL FUNDS,1923579,1923579,2019-20,actual-budgetary,budget-fy2022-23-vol1,140,
TOTAL ALL FUNDS,2233098,2233100,2020-21,actual-budgetary,budget-fy2022-23-vol1,140,
TOTAL ALL FUNDS,2058410,2058410,2021-22,adopted,budget-fy2022-23-vol1,140,
TOTAL ALL FUNDS,1868806,1868806,2022-23,proposed,budget-fy2022-23-vol1,140,
TOTAL ALL FUNDS,1887316,1887316,2022-23,approved,budget-fy2022-23-vol1,140,
TOTAL ALL FUNDS,1883261,1883261,2022-23,adopted,budget-fy2022-23-vol1,140,
