fy,group,fte,basis,cite
2011,District Level Administration,22.40,actual-acfr,acfr-fy2020 p135
2011,Educational Assistants,636.00,actual-acfr,acfr-fy2020 p135
2011,Other Staff,1896.90,actual-acfr,acfr-fy2020 p135
2011,School Level Administration,140.60,actual-acfr,acfr-fy2020 p135
2011,Teachers,2440.50,actual-acfr,acfr-fy2020 p135
2011,Total FTE,5136.40,actual-acfr,acfr-fy2020 p135
2012,District Level Administration,13.00,actual-acfr,acfr-fy2020 p135
2012,Educational Assistants,555.80,actual-acfr,acfr-fy2020 p135
2012,Other Staff,1850.30,actual-acfr,acfr-fy2020 p135
2012,School Level Administration,142.90,actual-acfr,acfr-fy2020 p135
2012,Teachers,2315.00,actual-acfr,acfr-fy2020 p135
2012,Total FTE,4877.00,actual-acfr,acfr-fy2020 p135
2013,District Level Administration,14.00,actual-acfr,acfr-fy2020 p135
2013,Educational Assistants,520.90,actual-acfr,acfr-fy2020 p135
2013,Other Staff,1798.40,actual-acfr,acfr-fy2020 p135
2013,School Level Administration,144.20,actual-acfr,acfr-fy2020 p135
2013,Teachers,2353.10,actual-acfr,acfr-fy2020 p135
2013,Total FTE,4830.60,actual-acfr,acfr-fy2020 p135
2014,District Level Administration,11.00,actual-acfr,acfr-fy2020 p135
2014,Educational Assistants,509.80,actual-acfr,acfr-fy2020 p135
2014,Other Staff,1720.00,actual-acfr,acfr-fy2020 p135
2014,School Level Administration,142.30,actual-acfr,acfr-fy2020 p135
2014,Teachers,2384.00,actual-acfr,acfr-fy2020 p135
2014,Total FTE,4767.10,actual-acfr,acfr-fy2020 p135
2015,District Level Administration,17.00,actual-acfr,acfr-fy2020 p135
2015,Educational Assistants,582.10,actual-acfr,acfr-fy2020 p135
2015,Other Staff,2056.50,actual-acfr,acfr-fy2020 p135
2015,School Level Administration,155.00,actual-acfr,acfr-fy2020 p135
2015,Teachers,2606.80,actual-acfr,acfr-fy2020 p135
2015,Total FTE,5417.40,actual-acfr,acfr-fy2020 p135
2015-16,District grand total (all employee types),5793.00,actual-budgetary,budget-fy2019-20-book p185
2016,District Level Administration,22.00,actual-acfr,acfr-fy2020 p136
2016,District Level Administration,22.00,actual-acfr,acfr-fy2025 p143
2016,Educational Assistants,667.80,actual-acfr,acfr-fy2020 p136
2016,Educational Assistants,667.80,actual-acfr,acfr-fy2025 p143
2016,Other Staff,1959.40,actual-acfr,acfr-fy2020 p136
2016,Other Staff,1959.40,actual-acfr,acfr-fy2025 p143
2016,School Level Administration,151.00,actual-acfr,acfr-fy2020 p136
2016,School Level Administration,151.00,actual-acfr,acfr-fy2025 p143
2016,Teachers,2632.50,actual-acfr,acfr-fy2020 p136
2016,Teachers,2632.50,actual-acfr,acfr-fy2025 p143
2016,Total FTE,5432.70,actual-acfr,acfr-fy2020 p136
2016,Total FTE,5432.70,actual-acfr,acfr-fy2025 p143
2016-17,All Funds: TOTAL,5866.10,actual-budgetary,budget-fy2020-21-vol1 p248
2016-17,Central Support,160.22,adopted,budget-fy2016-17-book p57
2016-17,Central Support,162.17,adopted,budget-fy2016-17-book p57
2016-17,District grand total (all employee types),5866.10,actual-budgetary,budget-fy2019-20-book p185
2016-17,Enterprise and Community Services,226.40,adopted,budget-fy2016-17-book p57
2016-17,Enterprise and Community Services,8.22,adopted,budget-fy2016-17-book p57
2016-17,Facilities Acquisition and Construction,20.80,adopted,budget-fy2016-17-book p57
2016-17,Instruction,3088.45,adopted,budget-fy2016-17-book p57
2016-17,Instruction,3509.18,adopted,budget-fy2016-17-book p57
2016-17,Instructional Support Services,703.95,adopted,budget-fy2016-17-book p57
2016-17,Instructional Support Services,846.13,adopted,budget-fy2016-17-book p57
2016-17,Support Services - General Administration,1062.38,adopted,budget-fy2016-17-book p57
2016-17,Support Services - General Administration,1071.75,adopted,budget-fy2016-17-book p57
2016-17,Total FTE,5023.22,adopted,budget-fy2016-17-book p57
2016-17,Total FTE,5836.43,adopted,budget-fy2016-17-book p57
2017,District Level Administration,21.00,actual-acfr,acfr-fy2020 p136
2017,District Level Administration,21.00,actual-acfr,acfr-fy2025 p143
2017,Educational Assistants,674.30,actual-acfr,acfr-fy2020 p136
2017,Educational Assistants,674.30,actual-acfr,acfr-fy2025 p143
2017,Other Staff,2123.10,actual-acfr,acfr-fy2020 p136
2017,Other Staff,2123.10,actual-acfr,acfr-fy2025 p143
2017,School Level Administration,166.50,actual-acfr,acfr-fy2020 p136
2017,School Level Administration,166.50,actual-acfr,acfr-fy2025 p143
2017,Teachers,2737.70,actual-acfr,acfr-fy2020 p136
2017,Teachers,2737.70,actual-acfr,acfr-fy2025 p143
2017,Total FTE,5722.60,actual-acfr,acfr-fy2020 p136
2017,Total FTE,5722.60,actual-acfr,acfr-fy2025 p143
2017-18,All Funds: TOTAL,5775.25,actual-budgetary,budget-fy2020-21-vol1 p248
2017-18,Central Support - Fund 101 (General Fund),146.05,adopted,budget-fy2017-18-book p55
2017-18,Central Support - all funds,147.45,adopted,budget-fy2017-18-book p55
2017-18,District Grand Total (FTE by Major Function and Employee Type),5775.25,actual-budgetary,budget-fy2021-22-vol1 p290
2017-18,District grand total (all employee types),5775.25,actual-budgetary,budget-fy2019-20-book p185
2017-18,Enterprise and Community Services - Fund 101 (General Fund),11.98,adopted,budget-fy2017-18-book p55
2017-18,Enterprise and Community Services - all funds,218.33,adopted,budget-fy2017-18-book p55
2017-18,Facilities Acquisition and Construction - Fund 101 (General Fund),0.00,adopted,budget-fy2017-18-book p55
2017-18,Facilities Acquisition and Construction - all funds,16.00,adopted,budget-fy2017-18-book p55
2017-18,Instruction - Fund 101 (General Fund),3017.38,adopted,budget-fy2017-18-book p55
2017-18,Instruction - all funds,3429.45,adopted,budget-fy2017-18-book p55
2017-18,Instructional Support Services - Fund 101 (General Fund),708.85,adopted,budget-fy2017-18-book p55
2017-18,Instructional Support Services - all funds,840.95,adopted,budget-fy2017-18-book p55
2017-18,Support Services General Administration - Fund 101 (General Fund),1084.83,adopted,budget-fy2017-18-book p55
2017-18,Support Services General Administration - all funds,1095.28,adopted,budget-fy2017-18-book p55
2017-18,Total FTE - Fund 101 (General Fund),4969.09,adopted,budget-fy2017-18-book p55
2017-18,Total FTE - all funds,5747.46,adopted,budget-fy2017-18-book p55
2018,District Level Administration,19.20,actual-acfr,acfr-fy2020 p136
2018,District Level Administration,19.20,actual-acfr,acfr-fy2025 p143
2018,Educational Assistants,680.80,actual-acfr,acfr-fy2020 p136
2018,Educational Assistants,680.80,actual-acfr,acfr-fy2025 p143
2018,Other Staff,2275.20,actual-acfr,acfr-fy2020 p136
2018,Other Staff,2275.20,actual-acfr,acfr-fy2025 p143
2018,School Level Administration,167.30,actual-acfr,acfr-fy2020 p136
2018,School Level Administration,167.30,actual-acfr,acfr-fy2025 p143
2018,Teachers,2684.20,actual-acfr,acfr-fy2020 p136
2018,Teachers,2684.20,actual-acfr,acfr-fy2025 p143
2018,Total FTE,5826.70,actual-acfr,acfr-fy2020 p136
2018,Total FTE,5826.70,actual-acfr,acfr-fy2025 p143
2018-19,All Funds: TOTAL,5836.49,actual-budgetary,budget-fy2020-21-vol1 p248
2018-19,District Grand Total (FTE by Major Function and Employee Type),5836.49,actual-budgetary,budget-fy2021-22-vol1 p290
2018-19,District Grand Total (FTE by Major Function and Employee Type),5836.49,actual-budgetary,budget-fy2022-23-vol1 p282
2018-19,District grand total (all employee types),5836.49,revised,budget-fy2019-20-book p185
2018-19,Total Central Support,134.15,adopted,budget-fy2018-19-book p45
2018-19,Total Enterprise & Community Services,223.04,adopted,budget-fy2018-19-book p45
2018-19,Total FTE (all funds),5800.65,adopted,budget-fy2018-19-book p45
2018-19,Total FTE - Fund 101 General Fund,4999.79,adopted,budget-fy2018-19-book p45
2018-19,Total FTE - Fund 202 Cafeteria,188.05,adopted,budget-fy2018-19-book p45
2018-19,Total FTE - Fund 205 Grants,504.15,adopted,budget-fy2018-19-book p45
2018-19,Total FTE - Fund 299 Dedicated Resource,71.38,adopted,budget-fy2018-19-book p45
2018-19,Total FTE - Fund 450 GO Bonds,35.00,adopted,budget-fy2018-19-book p45
2018-19,Total FTE - Fund 601 Self Insurance,2.28,adopted,budget-fy2018-19-book p45
2018-19,Total Facilities Acquisition & Construction,35.00,adopted,budget-fy2018-19-book p45
2018-19,Total Instructional Programs,3402.78,adopted,budget-fy2018-19-book p45
2018-19,Total Instructional Support Services,918.14,adopted,budget-fy2018-19-book p45
2018-19,Total Support Services General Administration,1087.54,adopted,budget-fy2018-19-book p45
2019,District Level Administration,16.00,actual-acfr,acfr-fy2020 p136
2019,District Level Administration,16.00,actual-acfr,acfr-fy2025 p143
2019,Educational Assistants,647.10,actual-acfr,acfr-fy2020 p136
2019,Educational Assistants,647.10,actual-acfr,acfr-fy2025 p143
2019,Other Staff,2048.10,actual-acfr,acfr-fy2020 p136
2019,Other Staff,2048.10,actual-acfr,acfr-fy2025 p143
2019,School Level Administration,165.50,actual-acfr,acfr-fy2020 p136
2019,School Level Administration,165.50,actual-acfr,acfr-fy2025 p143
2019,Teachers,2697.30,actual-acfr,acfr-fy2020 p136
2019,Teachers,2697.30,actual-acfr,acfr-fy2025 p143
2019,Total FTE,5574.00,actual-acfr,acfr-fy2020 p136
2019,Total FTE,5574.00,actual-acfr,acfr-fy2025 p143
2019-20,1000 - Instruction (General Fund),3044.91,adopted,budget-fy2019-20-book p83
2019-20,1000 - Instruction (all funds),3439.77,adopted,budget-fy2019-20-book p74
2019-20,2000 - Support Services (General Fund),2043.46,adopted,budget-fy2019-20-book p83
2019-20,2000 - Support Services (all funds),2222.51,adopted,budget-fy2019-20-book p74
2019-20,3000 - Enterprise and Community Svcs (General Fund),13.38,adopted,budget-fy2019-20-book p83
2019-20,3000 - Enterprise and Community Svcs (all funds),241.05,adopted,budget-fy2019-20-book p74
2019-20,4000 - Facilities Acquisition and Construction (all funds),27.00,adopted,budget-fy2019-20-book p74
2019-20,All Funds - Grand Total (FTE by Major Function and Employee Type),5990.77,actual-budgetary,budget-fy2023-24-vol1 p220
2019-20,All Funds: 1000 Instruction,3439.77,revised,budget-fy2020-21-vol1 p109
2019-20,All Funds: 2000 Support Services,2222.51,revised,budget-fy2020-21-vol1 p109
2019-20,All Funds: 3000 Enterprise And Community Svcs,241.05,revised,budget-fy2020-21-vol1 p109
2019-20,All Funds: 4000 Facilities Acquisition And Con,27.00,revised,budget-fy2020-21-vol1 p109
2019-20,All Funds: TOTAL,5930.33,revised,budget-fy2020-21-vol1 p109
2019-20,District Grand Total (FTE by Major Function and Employee Type),5990.77,actual-budgetary,budget-fy2021-22-vol1 p290
2019-20,District Grand Total (FTE by Major Function and Employee Type),5990.77,actual-budgetary,budget-fy2022-23-vol1 p282
2019-20,District grand total (all employee types),5930.33,adopted,budget-fy2019-20-book p185
2019-20,Employee type - Administrators (all funds),301.21,adopted,budget-fy2019-20-book p183
2019-20,Employee type - Classified Represented (all funds),1838.55,adopted,budget-fy2019-20-book p183
2019-20,Employee type - Licensed Staff (all funds),3397.19,adopted,budget-fy2019-20-book p183
2019-20,Employee type - Non-Represented Staff (all funds),393.38,adopted,budget-fy2019-20-book p183
2019-20,Fund total - Capital Projects Funds (400),29.00,adopted,budget-fy2019-20-book p135
2019-20,Fund total - Internal Service Funds (600),2.28,adopted,budget-fy2019-20-book p163
2019-20,Fund total - Special Revenue Funds (200),797.30,adopted,budget-fy2019-20-book p95
2019-20,General Fund: 1000 Instruction,3044.91,revised,budget-fy2020-21-vol1 p118
2019-20,General Fund: 2000 Support Services,2043.46,revised,budget-fy2020-21-vol1 p118
2019-20,General Fund: 3000 Enterprise And Community Svcs,13.38,revised,budget-fy2020-21-vol1 p118
2019-20,General Fund: TOTAL,5101.75,revised,budget-fy2020-21-vol1 p118
2019-20,Grand Total all staff (all funds),5930.33,adopted,budget-fy2019-20-book p183
2019-20,Total (General Fund),5101.75,adopted,budget-fy2019-20-book p83
2019-20,Total (all funds),5930.33,adopted,budget-fy2019-20-book p74
2019-20,Total - all functions (district FTE),5991.00,actual-budgetary,tscc-review-fy2024 p3
2020,District Level Administration,4.00,actual-acfr,acfr-fy2020 p136
2020,District Level Administration,4.00,actual-acfr,acfr-fy2025 p143
2020,Educational Assistants,688.50,actual-acfr,acfr-fy2020 p136
2020,Educational Assistants,688.50,actual-acfr,acfr-fy2025 p143
2020,Other Staff,2234.40,actual-acfr,acfr-fy2020 p136
2020,Other Staff,2234.40,actual-acfr,acfr-fy2025 p143
2020,School Level Administration,172.50,actual-acfr,acfr-fy2020 p136
2020,School Level Administration,172.50,actual-acfr,acfr-fy2025 p143
2020,Teachers,2709.30,actual-acfr,acfr-fy2020 p136
2020,Teachers,2709.30,actual-acfr,acfr-fy2025 p143
2020,Total FTE,5808.70,actual-acfr,acfr-fy2020 p136
2020,Total FTE,5808.70,actual-acfr,acfr-fy2025 p143
2020-21,All Funds - 1000 Instruction,3488.04,revised,budget-fy2021-22-vol1 p143
2020-21,All Funds - 2000 Support Services,2398.41,revised,budget-fy2021-22-vol1 p143
2020-21,All Funds - 3000 Enterprise And Community Svcs,241.42,revised,budget-fy2021-22-vol1 p143
2020-21,All Funds - 4000 Facilities Acquisition And Con,40.80,revised,budget-fy2021-22-vol1 p143
2020-21,All Funds - Grand Total (FTE by Major Function and Employee Type),6627.38,actual-budgetary,budget-fy2023-24-vol1 p220
2020-21,All Funds - TOTAL,6168.67,revised,budget-fy2021-22-vol1 p143
2020-21,All Funds - Total,6630.58,actual-budgetary,budget-fy2024-25-vol1 p222
2020-21,All Funds: 1000 Instruction,3644.40,adopted,budget-fy2020-21-vol1 p109
2020-21,All Funds: 2000 Support Services,2425.70,adopted,budget-fy2020-21-vol1 p109
2020-21,All Funds: 3000 Enterprise And Community Svcs,237.17,adopted,budget-fy2020-21-vol1 p109
2020-21,All Funds: 4000 Facilities Acquisition And Con,40.80,adopted,budget-fy2020-21-vol1 p109
2020-21,All Funds: TOTAL,6348.07,adopted,budget-fy2020-21-vol1 p109
2020-21,District Grand Total (FTE by Major Function and Employee Type),6168.67,revised,budget-fy2021-22-vol1 p290
2020-21,District Grand Total (FTE by Major Function and Employee Type),6627.38,actual-budgetary,budget-fy2022-23-vol1 p282
2020-21,General Fund - 1000 Instruction,3047.75,revised,budget-fy2021-22-vol1 p152
2020-21,General Fund - 2000 Support Services,2094.57,revised,budget-fy2021-22-vol1 p152
2020-21,General Fund - 3000 Enterprise And Community Svcs,11.63,revised,budget-fy2021-22-vol1 p152
2020-21,General Fund - TOTAL,5153.95,revised,budget-fy2021-22-vol1 p152
2020-21,General Fund: 1000 Instruction,3106.24,adopted,budget-fy2020-21-vol1 p118
2020-21,General Fund: 2000 Support Services,2145.07,adopted,budget-fy2020-21-vol1 p118
2020-21,General Fund: 3000 Enterprise And Community Svcs,11.63,adopted,budget-fy2020-21-vol1 p118
2020-21,General Fund: TOTAL,5262.94,adopted,budget-fy2020-21-vol1 p118
2020-21,Total - all functions (district FTE),6627.00,actual-budgetary,tscc-review-fy2024 p3
2020-21,Total - all functions (district FTE),6627.00,actual-budgetary,tscc-review-fy2025 p3
2021,District Level Administration,4.00,actual-acfr,acfr-fy2025 p143
2021,Educational Assistants,640.10,actual-acfr,acfr-fy2025 p143
2021,Other Staff,2330.20,actual-acfr,acfr-fy2025 p143
2021,School Level Administration,174.50,actual-acfr,acfr-fy2025 p143
2021,Teachers,2749.20,actual-acfr,acfr-fy2025 p143
2021,Total FTE,5898.00,actual-acfr,acfr-fy2025 p143
2021-22,All Funds - 1000 Instruction,3479.27,adopted,budget-fy2021-22-vol1 p143
2021-22,All Funds - 1000 Instruction,3479.27,adopted,budget-fy2022-23-vol1 p141
2021-22,All Funds - 2000 Support Services,2488.88,adopted,budget-fy2021-22-vol1 p143
2021-22,All Funds - 2000 Support Services,2488.88,adopted,budget-fy2022-23-vol1 p141
2021-22,All Funds - 3000 Enterprise And Community Svcs,204.00,adopted,budget-fy2022-23-vol1 p141
2021-22,All Funds - 3000 Enterprise And Community Svcs,242.25,adopted,budget-fy2021-22-vol1 p143
2021-22,All Funds - 4000 Facilities Acquisition And Con,39.55,adopted,budget-fy2021-22-vol1 p143
2021-22,All Funds - 4000 Facilities Acquisition And Con,39.55,adopted,budget-fy2022-23-vol1 p141
2021-22,All Funds - Grand Total (FTE by Major Function and Employee Type),6211.70,actual-budgetary,budget-fy2023-24-vol1 p220
2021-22,All Funds - TOTAL,6211.70,adopted,budget-fy2022-23-vol1 p141
2021-22,All Funds - TOTAL,6249.95,adopted,budget-fy2021-22-vol1 p143
2021-22,All Funds - Total,6274.09,actual-budgetary,budget-fy2024-25-vol1 p222
2021-22,District Grand Total (FTE by Major Function and Employee Type),6211.70,adopted,budget-fy2022-23-vol1 p282
2021-22,District Grand Total (FTE by Major Function and Employee Type),6249.95,adopted,budget-fy2021-22-vol1 p290
2021-22,General Fund - 1000 Instruction,2966.61,adopted,budget-fy2021-22-vol1 p152
2021-22,General Fund - 1000 Instruction,2966.62,adopted,budget-fy2022-23-vol1 p150
2021-22,General Fund - 2000 Support Services,2157.26,adopted,budget-fy2021-22-vol1 p152
2021-22,General Fund - 2000 Support Services,2157.26,adopted,budget-fy2022-23-vol1 p150
2021-22,General Fund - 3000 Enterprise And Community Svcs,11.88,adopted,budget-fy2021-22-vol1 p152
2021-22,General Fund - 3000 Enterprise And Community Svcs,11.88,adopted,budget-fy2022-23-vol1 p150
2021-22,General Fund - TOTAL,5135.75,adopted,budget-fy2021-22-vol1 p152
2021-22,General Fund - TOTAL,5135.76,adopted,budget-fy2022-23-vol1 p150
2021-22,Total - all functions (district FTE),1114.00,actual-budgetary,tscc-annual-report-2024-25-general p28
2021-22,Total - all functions (district FTE),12101.00,actual-budgetary,tscc-annual-report-2024-25-general p28
2021-22,Total - all functions (district FTE),133.00,actual-budgetary,tscc-annual-report-2024-25-general p28
2021-22,Total - all functions (district FTE),1336.00,actual-budgetary,tscc-annual-report-2024-25-general p28
2021-22,Total - all functions (district FTE),1493.00,actual-budgetary,tscc-annual-report-2024-25-general p28
2021-22,Total - all functions (district FTE),355.00,actual-budgetary,tscc-annual-report-2024-25-general p28
2021-22,Total - all functions (district FTE),6212.00,actual-budgetary,tscc-review-fy2024 p3
2021-22,Total - all functions (district FTE),6212.00,actual-budgetary,tscc-review-fy2025 p3
2021-22,Total - all functions (district FTE),6274.00,actual-budgetary,tscc-annual-report-2024-25-general p28
2021-22,Total - all functions (district FTE),6274.00,actual-budgetary,tscc-annual-report-2024-25-summaries p83
2021-22,Total - all functions (district FTE),6274.00,actual-budgetary,tscc-review-fy2026 p3
2021-22,Total - all functions (district FTE),641.00,actual-budgetary,tscc-annual-report-2024-25-general p28
2021-22,Total - all functions (district FTE),680.00,actual-budgetary,tscc-annual-report-2024-25-general p28
2021-22,Total - all functions (district FTE),712.00,actual-budgetary,tscc-annual-report-2024-25-summaries p79
2021-22,Total - all functions (district FTE),75.00,actual-budgetary,tscc-annual-report-2024-25-general p28
2022,District Level Administration,7.00,actual-acfr,acfr-fy2025 p142
2022,Educational Assistants,647.50,actual-acfr,acfr-fy2025 p142
2022,Other Staff,2383.00,actual-acfr,acfr-fy2025 p142
2022,School Level Administration,184.50,actual-acfr,acfr-fy2025 p142
2022,Teachers,2720.80,actual-acfr,acfr-fy2025 p142
2022,Total FTE,5942.80,actual-acfr,acfr-fy2025 p142
2022-23,All Funds - 1000 Instruction,3703.25,adopted,budget-fy2022-23-vol1 p141
2022-23,All Funds - 1000 Instruction,3703.25,adopted,budget-fy2023-24-vol1 p87
2022-23,All Funds - 2000 Support Services,2536.85,adopted,budget-fy2022-23-vol1 p141
2022-23,All Funds - 2000 Support Services,2536.85,adopted,budget-fy2023-24-vol1 p87
2022-23,All Funds - 3000 Enterprise And Community Svcs,240.83,adopted,budget-fy2022-23-vol1 p141
2022-23,All Funds - 3000 Enterprise And Community Svcs,240.83,adopted,budget-fy2023-24-vol1 p87
2022-23,All Funds - 4000 Facilities Acquisition And Con,48.80,adopted,budget-fy2023-24-vol1 p87
2022-23,All Funds - 4000 Facilities Acquisition And Con,48.80,adopted,budget-fy2022-23-vol1 p141
2022-23,All Funds - Grand Total (FTE by Major Function and Employee Type),6529.74,adopted,budget-fy2023-24-vol1 p220
2022-23,All Funds - TOTAL,6529.74,adopted,budget-fy2022-23-vol1 p141
2022-23,All Funds - TOTAL,6529.74,adopted,budget-fy2023-24-vol1 p87
2022-23,All Funds - Total,6519.66,actual-budgetary,budget-fy2024-25-vol1 p222
2022-23,District Grand Total (FTE by Major Function and Employee Type),6529.74,proposed,budget-fy2022-23-vol1 p282
2022-23,General Fund - 1000 Instruction,3035.94,adopted,budget-fy2022-23-vol1 p150
2022-23,General Fund - 1000 Instruction,3035.94,adopted,budget-fy2023-24-vol1 p95
2022-23,General Fund - 2000 Support Services,2169.42,adopted,budget-fy2022-23-vol1 p150
2022-23,General Fund - 2000 Support Services,2169.42,adopted,budget-fy2023-24-vol1 p95
2022-23,General Fund - 3000 Enterprise And Community Svcs,12.88,adopted,budget-fy2022-23-vol1 p150
2022-23,General Fund - 3000 Enterprise And Community Svcs,12.88,adopted,budget-fy2023-24-vol1 p95
2022-23,General Fund - TOTAL,5218.23,adopted,budget-fy2023-24-vol1 p95
2022-23,General Fund - TOTAL,5218.24,adopted,budget-fy2022-23-vol1 p150
2022-23,Total - all functions (district FTE),107.00,actual-budgetary,tscc-annual-report-2024-25-general p28
2022-23,Total - all functions (district FTE),1126.00,actual-budgetary,tscc-annual-report-2024-25-general p28
2022-23,Total - all functions (district FTE),12408.00,actual-budgetary,tscc-annual-report-2024-25-general p28
2022-23,Total - all functions (district FTE),1336.00,actual-budgetary,tscc-annual-report-2024-25-general p28
2022-23,Total - all functions (district FTE),1518.00,actual-budgetary,tscc-annual-report-2024-25-general p28
2022-23,Total - all functions (district FTE),339.00,actual-budgetary,tscc-annual-report-2024-25-general p28
2022-23,Total - all functions (district FTE),6520.00,actual-budgetary,tscc-annual-report-2024-25-general p28
2022-23,Total - all functions (district FTE),6520.00,actual-budgetary,tscc-annual-report-2024-25-summaries p83
2022-23,Total - all functions (district FTE),6520.00,actual-budgetary,tscc-review-fy2026 p3
2022-23,Total - all functions (district FTE),6530.00,actual-budgetary,tscc-review-fy2025 p3
2022-23,Total - all functions (district FTE),6530.00,revised,tscc-review-fy2024 p3
2022-23,Total - all functions (district FTE),676.00,actual-budgetary,tscc-annual-report-2024-25-general p28
2022-23,Total - all functions (district FTE),712.00,actual-budgetary,tscc-annual-report-2024-25-general p28
2022-23,Total - all functions (district FTE),74.00,actual-budgetary,tscc-annual-report-2024-25-general p28
2022-23,Total - all functions (district FTE),746.00,actual-budgetary,tscc-annual-report-2024-25-summaries p79
2023,District Level Administration,4.00,actual-acfr,acfr-fy2025 p142
2023,Educational Assistants,675.90,actual-acfr,acfr-fy2025 p142
2023,Other Staff,2595.80,actual-acfr,acfr-fy2025 p142
2023,School Level Administration,179.00,actual-acfr,acfr-fy2025 p142
2023,Teachers,2685.60,actual-acfr,acfr-fy2025 p142
2023,Total FTE,6140.30,actual-acfr,acfr-fy2025 p142
2023-24,All Funds - 1000 Instruction,3445.61,adopted,budget-fy2023-24-vol1 p87
2023-24,All Funds - 1000 Instruction,3445.61,adopted,budget-fy2024-25-vol1 p92
2023-24,All Funds - 2000 Support Services,2511.98,adopted,budget-fy2023-24-vol1 p87
2023-24,All Funds - 2000 Support Services,2511.98,adopted,budget-fy2024-25-vol1 p92
2023-24,All Funds - 3000 Enterprise And Community Svcs,238.87,adopted,budget-fy2023-24-vol1 p87
2023-24,All Funds - 3000 Enterprise and Community Services,238.87,adopted,budget-fy2024-25-vol1 p92
2023-24,All Funds - 4000 Facilities Acquisition And Con,50.00,adopted,budget-fy2023-24-vol1 p87
2023-24,All Funds - 4000 Facilities Acquisition and Construction,50.00,adopted,budget-fy2024-25-vol1 p92
2023-24,All Funds - Employee Type: 111 Licensed Salaries,3493.29,adopted,budget-fy2024-25-vol1 p93
2023-24,All Funds - Employee Type: 1121 Classified - Represented,1928.71,adopted,budget-fy2024-25-vol1 p93
2023-24,All Funds - Employee Type: 1122 Non-Represented Staff,546.97,adopted,budget-fy2024-25-vol1 p93
2023-24,All Funds - Employee Type: 113 Administrators,277.50,adopted,budget-fy2024-25-vol1 p93
2023-24,All Funds - Grand Total (FTE by Major Function and Employee Type),6246.46,proposed,budget-fy2023-24-vol1 p220
2023-24,All Funds - TOTAL,6246.46,adopted,budget-fy2023-24-vol1 p87
2023-24,All Funds - Total,6246.46,adopted,budget-fy2024-25-vol1 p92
2023-24,Capital Projects Funds - Total,51.80,adopted,budget-fy2024-25-vol1 p156
2023-24,General Fund - 1000 Instruction,2886.28,adopted,budget-fy2023-24-vol1 p95
2023-24,General Fund - 1000 Instruction,2886.28,adopted,budget-fy2024-25-vol1 p100
2023-24,General Fund - 2000 Support Services,2139.72,adopted,budget-fy2023-24-vol1 p95
2023-24,General Fund - 2000 Support Services,2139.72,adopted,budget-fy2024-25-vol1 p100
2023-24,General Fund - 3000 Enterprise And Community Svcs,17.55,adopted,budget-fy2023-24-vol1 p95
2023-24,General Fund - 3000 Enterprise and Community Services,17.55,adopted,budget-fy2024-25-vol1 p100
2023-24,General Fund - TOTAL,5043.55,adopted,budget-fy2023-24-vol1 p95
2023-24,General Fund - Total,5043.55,adopted,budget-fy2024-25-vol1 p100
2023-24,Internal Service Funds - Total,2.28,adopted,budget-fy2024-25-vol1 p192
2023-24,Special Revenue Funds - Total,1148.84,adopted,budget-fy2024-25-vol1 p113
2023-24,Total - all functions (district FTE),1121.00,actual-budgetary,tscc-annual-report-2024-25-general p28
2023-24,Total - all functions (district FTE),113.00,actual-budgetary,tscc-annual-report-2024-25-general p28
2023-24,Total - all functions (district FTE),12316.00,actual-budgetary,tscc-annual-report-2024-25-general p28
2023-24,Total - all functions (district FTE),1382.00,actual-budgetary,tscc-annual-report-2024-25-general p28
2023-24,Total - all functions (district FTE),1610.00,actual-budgetary,tscc-annual-report-2024-25-general p28
2023-24,Total - all functions (district FTE),357.00,actual-budgetary,tscc-annual-report-2024-25-general p28
2023-24,Total - all functions (district FTE),6247.00,actual-budgetary,tscc-annual-report-2024-25-general p28
2023-24,Total - all functions (district FTE),6247.00,actual-budgetary,tscc-annual-report-2024-25-summaries p83
2023-24,Total - all functions (district FTE),6247.00,actual-budgetary,tscc-review-fy2026 p3
2023-24,Total - all functions (district FTE),6247.00,revised,tscc-review-fy2025 p3
2023-24,Total - all functions (district FTE),70.00,actual-budgetary,tscc-annual-report-2024-25-general p28
2023-24,Total - all functions (district FTE),706.00,actual-budgetary,tscc-annual-report-2024-25-general p28
2023-24,Total - all functions (district FTE),710.00,actual-budgetary,tscc-annual-report-2024-25-general p28
2023-24,Total - all functions (district FTE),778.00,actual-budgetary,tscc-annual-report-2024-25-summaries p79
2024,District Level Administration,4.00,actual-acfr,acfr-fy2025 p142
2024,Educational Assistants,693.00,actual-acfr,acfr-fy2025 p142
2024,Other Staff,2628.40,actual-acfr,acfr-fy2025 p142
2024,School Level Administration,169.50,actual-acfr,acfr-fy2025 p142
2024,Teachers,2650.90,actual-acfr,acfr-fy2025 p142
2024,Total FTE,6145.80,actual-acfr,acfr-fy2025 p142
2024-25,All Funds - 1000 Instruction,3370.72,adopted,budget-fy2024-25-vol1 p92
2024-25,All Funds - 1000 Instruction,3370.72,revised,budget-fy2025-26-vol1 p90
2024-25,All Funds - 111 Licensed Salaries,3410.58,revised,budget-fy2025-26-vol1 p91
2024-25,All Funds - 1121 Classified Represented,1818.49,revised,budget-fy2025-26-vol1 p91
2024-25,All Funds - 1122 Non-Represented Staff,517.38,revised,budget-fy2025-26-vol1 p91
2024-25,All Funds - 113 Administrators,271.65,revised,budget-fy2025-26-vol1 p91
2024-25,All Funds - 2000 Support Services,2373.60,adopted,budget-fy2024-25-vol1 p92
2024-25,All Funds - 2000 Support Services,2373.60,revised,budget-fy2025-26-vol1 p90
2024-25,All Funds - 3000 Enterprise and Community Services,230.27,adopted,budget-fy2024-25-vol1 p92
2024-25,All Funds - 3000 Enterprise and Community Svcs,230.27,revised,budget-fy2025-26-vol1 p90
2024-25,All Funds - 4000 Facilities Acquisition and Construction,43.50,adopted,budget-fy2024-25-vol1 p92
2024-25,All Funds - 4000 Facilities Acquisition and Construction,43.50,revised,budget-fy2025-26-vol1 p90
2024-25,All Funds - Employee Type: 111 Licensed Salaries,3410.58,adopted,budget-fy2024-25-vol1 p93
2024-25,All Funds - Employee Type: 1121 Classified - Represented,1818.49,adopted,budget-fy2024-25-vol1 p93
2024-25,All Funds - Employee Type: 1122 Non-Represented Staff,517.38,adopted,budget-fy2024-25-vol1 p93
2024-25,All Funds - Employee Type: 113 Administrators,271.65,adopted,budget-fy2024-25-vol1 p93
2024-25,All Funds - Total,6018.09,adopted,budget-fy2024-25-vol1 p92
2024-25,All Funds - Total,6018.09,revised,budget-fy2025-26-vol1 p90
2024-25,Capital Projects Funds - Total,46.30,adopted,budget-fy2024-25-vol1 p156
2024-25,General Fund - 1000 Instruction,2868.48,adopted,budget-fy2024-25-vol1 p100
2024-25,General Fund - 1000 Instruction,2868.48,revised,budget-fy2025-26-vol1 p99
2024-25,General Fund - 111 Licensed Salaries,2945.09,revised,budget-fy2025-26-vol1 p100
2024-25,General Fund - 1121 Classified Represented,1328.73,revised,budget-fy2025-26-vol1 p100
2024-25,General Fund - 1122 Non-Represented Staff,389.67,revised,budget-fy2025-26-vol1 p100
2024-25,General Fund - 113 Administrators,248.12,revised,budget-fy2025-26-vol1 p100
2024-25,General Fund - 2000 Support Services,2024.97,adopted,budget-fy2024-25-vol1 p100
2024-25,General Fund - 2000 Support Services,2024.97,revised,budget-fy2025-26-vol1 p99
2024-25,General Fund - 3000 Enterprise and Community Services,18.15,adopted,budget-fy2024-25-vol1 p100
2024-25,General Fund - 3000 Enterprise and Community Svcs,18.15,revised,budget-fy2025-26-vol1 p99
2024-25,General Fund - Total,4911.60,adopted,budget-fy2024-25-vol1 p100
2024-25,General Fund - Total,4911.60,revised,budget-fy2025-26-vol1 p99
2024-25,Internal Service Funds - Total,4.00,adopted,budget-fy2024-25-vol1 p192
2024-25,Special Revenue Funds - Total,1056.19,adopted,budget-fy2024-25-vol1 p113
2024-25,Total - all functions (district FTE),1083.00,adopted,tscc-annual-report-2024-25-general p28
2024-25,Total - all functions (district FTE),12056.00,adopted,tscc-annual-report-2024-25-general p28
2024-25,Total - all functions (district FTE),124.00,adopted,tscc-annual-report-2024-25-general p28
2024-25,Total - all functions (district FTE),1358.00,adopted,tscc-annual-report-2024-25-general p28
2024-25,Total - all functions (district FTE),1579.00,adopted,tscc-annual-report-2024-25-general p28
2024-25,Total - all functions (district FTE),361.00,adopted,tscc-annual-report-2024-25-general p28
2024-25,Total - all functions (district FTE),6018.00,adopted,tscc-annual-report-2024-25-general p28
2024-25,Total - all functions (district FTE),6018.00,adopted,tscc-annual-report-2024-25-summaries p83
2024-25,Total - all functions (district FTE),6018.00,revised,tscc-review-fy2026 p3
2024-25,Total - all functions (district FTE),680.00,adopted,tscc-annual-report-2024-25-general p28
2024-25,Total - all functions (district FTE),69.00,adopted,tscc-annual-report-2024-25-general p28
2024-25,Total - all functions (district FTE),784.00,adopted,tscc-annual-report-2024-25-general p28
2024-25,Total - all functions (district FTE),784.00,adopted,tscc-annual-report-2024-25-summaries p79
2025,District Level Administration,4.00,actual-acfr,acfr-fy2025 p142
2025,Educational Assistants,677.40,actual-acfr,acfr-fy2025 p142
2025,Other Staff,2607.50,actual-acfr,acfr-fy2025 p142
2025,School Level Administration,167.20,actual-acfr,acfr-fy2025 p142
2025,Teachers,2665.70,actual-acfr,acfr-fy2025 p142
2025,Total FTE,6121.80,actual-acfr,acfr-fy2025 p142
2025-26,1000 Instruction - Fund 100 General Fund,2817.71,adopted,budget-fy2026-27-vol1 p109
2025-26,1000 Instruction - Fund 200 Special Revenue,443.07,adopted,budget-fy2026-27-vol1 p122
2025-26,1000 Instruction - all funds,3260.78,adopted,budget-fy2026-27-vol1 p92
2025-26,2000 Support Services - Fund 100 General Fund,1982.05,adopted,budget-fy2026-27-vol1 p109
2025-26,2000 Support Services - Fund 200 Special Revenue,306.06,adopted,budget-fy2026-27-vol1 p122
2025-26,2000 Support Services - all funds,2294.91,adopted,budget-fy2026-27-vol1 p92
2025-26,3000 Enterprise and Community Services - Fund 100 General Fund,17.75,adopted,budget-fy2026-27-vol1 p109
2025-26,3000 Enterprise and Community Services - Fund 200 Special Revenue,215.78,adopted,budget-fy2026-27-vol1 p122
2025-26,3000 Enterprise and Community Services - all funds,233.53,adopted,budget-fy2026-27-vol1 p92
2025-26,4000 Facilities Acquisition and Construction - all funds,46.25,adopted,budget-fy2026-27-vol1 p92
2025-26,All Funds - 1000 Instruction,3260.78,adopted,budget-fy2025-26-vol1 p90
2025-26,All Funds - 111 Licensed Salaries,3273.27,adopted,budget-fy2025-26-vol1 p91
2025-26,All Funds - 1121 Classified Represented,1822.57,adopted,budget-fy2025-26-vol1 p91
2025-26,All Funds - 1122 Non-Represented Staff,485.98,adopted,budget-fy2025-26-vol1 p91
2025-26,All Funds - 113 Administrators,253.65,adopted,budget-fy2025-26-vol1 p91
2025-26,All Funds - 2000 Support Services,2294.91,adopted,budget-fy2025-26-vol1 p90
2025-26,All Funds - 3000 Enterprise and Community Svcs,233.53,adopted,budget-fy2025-26-vol1 p90
2025-26,All Funds - 4000 Facilities Acquisition and Construction,46.25,adopted,budget-fy2025-26-vol1 p90
2025-26,All Funds - Total,5835.46,adopted,budget-fy2025-26-vol1 p90
2025-26,General Fund - 1000 Instruction,2817.71,adopted,budget-fy2025-26-vol1 p99
2025-26,General Fund - 111 Licensed Salaries,2840.89,adopted,budget-fy2025-26-vol1 p100
2025-26,General Fund - 1121 Classified Represented,1375.89,adopted,budget-fy2025-26-vol1 p100
2025-26,General Fund - 1122 Non-Represented Staff,367.53,adopted,budget-fy2025-26-vol1 p100
2025-26,General Fund - 113 Administrators,233.20,adopted,budget-fy2025-26-vol1 p100
2025-26,General Fund - 2000 Support Services,1982.05,adopted,budget-fy2025-26-vol1 p99
2025-26,General Fund - 3000 Enterprise and Community Svcs,17.75,adopted,budget-fy2025-26-vol1 p99
2025-26,General Fund - Total,4817.50,adopted,budget-fy2025-26-vol1 p99
2025-26,Total - Fund 100 General Fund,4817.50,adopted,budget-fy2026-27-vol1 p109
2025-26,Total - Fund 200 Special Revenue,964.91,adopted,budget-fy2026-27-vol1 p122
2025-26,Total - all functions (district FTE),5835.46,approved,tscc-review-fy2026 p1
2025-26,Total - all funds,5835.46,adopted,budget-fy2026-27-vol1 p92
2026-27,1000 Instruction - Fund 100 General Fund,2675.93,adopted,budget-fy2026-27-vol1 p109
2026-27,1000 Instruction - Fund 200 Special Revenue,496.18,adopted,budget-fy2026-27-vol1 p122
2026-27,1000 Instruction - all funds,3172.11,adopted,budget-fy2026-27-vol1 p92
2026-27,2000 Support Services - Fund 100 General Fund,1793.16,adopted,budget-fy2026-27-vol1 p109
2026-27,2000 Support Services - Fund 200 Special Revenue,293.74,adopted,budget-fy2026-27-vol1 p122
2026-27,2000 Support Services - all funds,2089.90,adopted,budget-fy2026-27-vol1 p92
2026-27,3000 Enterprise and Community Services - Fund 100 General Fund,12.25,adopted,budget-fy2026-27-vol1 p109
2026-27,3000 Enterprise and Community Services - Fund 200 Special Revenue,209.91,adopted,budget-fy2026-27-vol1 p122
2026-27,3000 Enterprise and Community Services - all funds,222.16,adopted,budget-fy2026-27-vol1 p92
2026-27,4000 Facilities Acquisition and Construction - all funds,29.00,adopted,budget-fy2026-27-vol1 p92
2026-27,Total - Fund 100 General Fund,4481.34,adopted,budget-fy2026-27-vol1 p109
2026-27,Total - Fund 200 Special Revenue,999.82,adopted,budget-fy2026-27-vol1 p122
2026-27,Total - all funds,5513.16,adopted,budget-fy2026-27-vol1 p92
