workload,scenario,observed_count,observed_period,observed_months,annualized_proxy,assumed_covered_share,assumed_minutes_saved,modeled_hours_in_observed_period,modeled_annual_hours,boundary,source,source_url,confidence
Building-and-other application administration,low,4836,2024-07-01 to 2025-02-28,8,7254.0,0.25,15,302.2,453.4,Shared intake/correction/issuance bundle only; count each case once; does not include all trades or all civic services,O47,https://www.portland.gov/ppd/drac/documents/2025-02-fy2024-25-major-workload-parameters-cumulative/download,"Historical count visually verified; coverage/minutes/annualization are unmeasured scenarios, not forecast or actual saving"
Building-and-other application administration,middle,4836,2024-07-01 to 2025-02-28,8,7254.0,0.5,45,1813.5,2720.2,Shared intake/correction/issuance bundle only; count each case once; does not include all trades or all civic services,O47,https://www.portland.gov/ppd/drac/documents/2025-02-fy2024-25-major-workload-parameters-cumulative/download,"Historical count visually verified; coverage/minutes/annualization are unmeasured scenarios, not forecast or actual saving"
Building-and-other application administration,high,4836,2024-07-01 to 2025-02-28,8,7254.0,0.8,90,5803.2,8704.8,Shared intake/correction/issuance bundle only; count each case once; does not include all trades or all civic services,O47,https://www.portland.gov/ppd/drac/documents/2025-02-fy2024-25-major-workload-parameters-cumulative/download,"Historical count visually verified; coverage/minutes/annualization are unmeasured scenarios, not forecast or actual saving"
Inspection administration,low,85927,2024-07-01 to 2025-02-28,8,128890.5,0.25,2,716.1,1074.1,Scheduling/result-entry/final records only; no field/travel/inspection elimination; visits are not permits,O47,https://www.portland.gov/ppd/drac/documents/2025-02-fy2024-25-major-workload-parameters-cumulative/download,"Historical count visually verified; coverage/minutes/annualization are unmeasured scenarios, not forecast or actual saving"
Inspection administration,middle,85927,2024-07-01 to 2025-02-28,8,128890.5,0.5,4,2864.2,4296.4,Scheduling/result-entry/final records only; no field/travel/inspection elimination; visits are not permits,O47,https://www.portland.gov/ppd/drac/documents/2025-02-fy2024-25-major-workload-parameters-cumulative/download,"Historical count visually verified; coverage/minutes/annualization are unmeasured scenarios, not forecast or actual saving"
Inspection administration,high,85927,2024-07-01 to 2025-02-28,8,128890.5,0.75,6,6444.5,9666.8,Scheduling/result-entry/final records only; no field/travel/inspection elimination; visits are not permits,O47,https://www.portland.gov/ppd/drac/documents/2025-02-fy2024-25-major-workload-parameters-cumulative/download,"Historical count visually verified; coverage/minutes/annualization are unmeasured scenarios, not forecast or actual saving"
Land-use case administration,low,220,2024-07-01 to 2025-02-28,8,330.0,0.25,30,27.5,41.2,Separate illustrative workload; do not add to building cohort without deduplication; no merits/hearing elimination,O47,https://www.portland.gov/ppd/drac/documents/2025-02-fy2024-25-major-workload-parameters-cumulative/download,"Historical count visually verified; coverage/minutes/annualization are unmeasured scenarios, not forecast or actual saving"
Land-use case administration,middle,220,2024-07-01 to 2025-02-28,8,330.0,0.5,60,110.0,165.0,Separate illustrative workload; do not add to building cohort without deduplication; no merits/hearing elimination,O47,https://www.portland.gov/ppd/drac/documents/2025-02-fy2024-25-major-workload-parameters-cumulative/download,"Historical count visually verified; coverage/minutes/annualization are unmeasured scenarios, not forecast or actual saving"
Land-use case administration,high,220,2024-07-01 to 2025-02-28,8,330.0,0.75,120,330.0,495.0,Separate illustrative workload; do not add to building cohort without deduplication; no merits/hearing elimination,O47,https://www.portland.gov/ppd/drac/documents/2025-02-fy2024-25-major-workload-parameters-cumulative/download,"Historical count visually verified; coverage/minutes/annualization are unmeasured scenarios, not forecast or actual saving"
